alt,generic,combination,external,combination_exists,,,,,,
duaklir,aclidinium bromide/formoterol,1,2,0,,,,,,
fosavance,alendronic acid/colecalciferol,1,0,0,,,,,,
bentexo,alendronic acid/colecalciferol,1,0,0,,,,,,
amiloride/bumetanide,amiloride/bumetanide,1,0,0,,,,,,
amiloride/timolol/hydrochlorothiazide,amiloride/timolol/hydrochlorothiazide,1,0,0,,,,,,
sevikar hct,amlodipine/olmesartan/hydrochlorothiazide,1,0,0,,,,,,
exforge,amlodipine/valsartan,1,0,0,,,,,,
aspirin/codeine,aspirin/codeine,1,0,0,,,,,,
aspirin/dipyridamole,aspirin/dipyridamole,1,0,0,,,,,,
migramax,aspirin/metoclopramide,1,0,0,,,,,,
atenolol/nifedipine,atenolol/nifedipine,1,0,0,,,,,,
malarone,atovaquone/proguanil,1,0,0,,,,,,
azelastine/fluticasone,azelastine/fluticasone,1,0,0,,,,,,
fostair,beclometasone/formoterol,1,2,0,,,,,,
luforbec,beclometasone/formoterol,1,2,0,,,,,,
trimbow,beclometasone/formoterol/glycopyrronium,1,0,0,,,,,,
bendroflumethiazide/timolol,bendroflumethiazide/timolol,1,0,0,,,,,,
anusol,benzyl benzoate/bismuth oxide/bismuth subgallate/hydrocortisone acetate/peru balsam/zinc oxide ,1,0,0,,,,,,
betamethasone/clioquinol,betamethasone/clioquinol,1,2,0,,,,,,
lotriderm,betamethasone/clotrimazole,1,2,0,,,,,,
fucibet,betamethasone/fusidic acid ,1,2,0,,,,,,
xemacort,betamethasone/fusidic acid ,1,2,0,,,,,,
betnesol-n,betamethasone/neomycin,1,0,0,,,,,,
diprosalic,betamethasone/salicylic acid,1,2,0,,,,,,
eyzeetan,bimatoprost/timolol,1,2,0,,,,,,
ganfort,bimatoprost/timolol,1,2,0,,,,,,
eyzeetan,bimatoprost/timolol,1,2,0,,,,,,
ganfort,bimatoprost/timolol,1,2,0,,,,,,
simbrinza,brimonidine/brinzolamide,1,2,0,,,,,,
combigen,brimonidine/timolol,1,2,0,,,,,,
azarga,brinzolamide/timolol,1,2,0,,,,,,
duoresp spiromax,budesonide/formoterol,1,2,0,,,,,,
fobumix,budesonide/formoterol,1,2,0,,,,,,
symbicort,budesonide/formoterol,1,2,0,,,,,,
wockair,budesonide/formoterol,1,2,0,,,,,,
trixeo,budesonide/formoterol/glycopyrronium ,1,2,0,,,,,,
zubsolv,buprenorphine/naloxone,1,0,0,,,,,,
suboxone,buprenorphine/naloxone,1,0,0,,,,,,
enstilar,calcipotriol/betamethasone ,1,2,0,,,,,,
dalbecal,calcipotriol/betamethasone ,1,2,0,,,,,,
dalonev,calcipotriol/betamethasone ,1,2,0,,,,,,
dovobet,calcipotriol/betamethasone ,1,2,0,,,,,,
calvive,calcium carbonate/calcium lactate,1,0,0,,,,,,
sterets,chlorhexidine/cetrimide ,1,0,0,,,,,,
savlon,chlorhexidine/cetrimide ,1,0,0,,,,,,
chloraprep,chlorhexidine/isopropyl ,1,0,0,,,,,,
instillagel,chlorhexidine/lidocaine,1,2,0,,,,,,
naseptin,chlorhexidine/neomycin ,1,0,0,,,,,,
paludrine/avloclor,chloroquine/proguanil,1,0,0,,,,,,
chlortalidone/triamterene,chlortalidone/triamterene,1,0,0,,,,,,
cinchocaine/fluocortolone caproate/fluocortolone pivalate ,cinchocaine/fluocortolone caproate/fluocortolone pivalate ,1,2,0,,,,,,
proctosedyl,cinchocaine/hydrocortisone,1,0,0,,,,,,
uniroid,cinchocaine/hydrocortisone,1,0,0,,,,,,
scheriproct,cinchocaine/prednisolone,1,0,0,,,,,,
arlevert,cinnarizine/dimenhydrinate,1,0,0,,,,,,
ciprofloxacin/dexamethasone ,ciprofloxacin/dexamethasone ,1,0,0,,,,,,
cetraxal,ciprofloxacin/fluocinolone ,1,2,0,,,,,,
duac,clindamycin/benzoyl peroxide,1,2,0,,,,,,
trimovate,clobetasone butyrate/nystatin/oxytetracycline ,1,2,0,,,,,,
clotrimazole/hydrocortisone,clotrimazole/hydrocortisone,1,0,0,,,,,,
capasal,coal tar/coconut oil/salicylic acid ,1,2,0,,,,,,
co-amilozide,co-amilozide,1,0,0,,,,,,
madopar,co-beneldopa,1,0,0,,,,,,
caramet,co-careldopa,1,0,0,,,,,,
cocareldopa,co-careldopa,1,0,0,,,,,,
duodopa,co-careldopa,1,0,0,,,,,,
lecado,co-careldopa,1,0,0,,,,,,
levocarb ,co-careldopa,1,0,0,,,,,,
sinemet,co-careldopa,1,0,0,,,,,,
migraleve yellow,co-codamol,1,0,0,,,,,,
cocodamol,co-codamol,1,0,0,,,,,,
solpadeine,co-codamol,1,0,0,,,,,,
codipar,co-codamol,1,0,0,,,,,,
amcozin,co-codamol,1,0,0,,,,,,
zapain,co-codamol,1,0,0,,,,,,
kapake,co-codamol,1,0,0,,,,,,
tylex,co-codamol,1,0,0,,,,,,
solpadeine,co-codamol,1,0,0,,,,,,
codipar,co-codamol,1,0,0,,,,,,
solpadol,co-codamol,1,0,0,,,,,,
tylex,co-codamol,1,0,0,,,,,,
zapain,co-codamol,1,0,0,,,,,,
do-dydramole,co-dydramol,1,0,0,,,,,,
paramol,co-dydramol,1,0,0,,,,,,
codydramol,co-dydramol,1,0,0,,,,,,
remedeine,co-dydramol,1,0,0,,,,,,
cofluampicil,co-fluampicil,1,0,0,,,,,,
co-fluampicil,co-fluampicil,1,0,0,,,,,,
premique,conjugated oestrogens/medroxyprogesterone,1,0,0,,,,,,
lofenoxal,co-phenotrope,1,0,0,,,,,,
cophenotrope,co-phenotrope,1,0,0,,,,,,
lomotil,co-phenotrope,1,0,0,,,,,,
co-proxamol,co-proxamol,1,0,0,,,,,,
coproxamol,co-proxamol,1,0,0,,,,,,
cotenidone,co-tenidone,1,0,0,,,,,,
tenoretic,co-tenidone,1,0,0,,,,,,
xigduo,dapagliflozin/metformin,1,0,0,,,,,,
qtern,dapagliflozin/saxagliptin,1,0,0,,,,,,
sofradex,dexamethasone/framycetin/gramicidin ,1,2,0,,,,,,
otomize,dexamethasone/glacial acetic acid/neomycin,1,2,0,,,,,,
maxitrol,dexamethasone/hypromellose/neomycin/polymyxin B,1,2,0,,,,,,
ducressa,dexamethasone/levofloxacin,1,2,0,,,,,,
arthrotec,diclofenac/misoprostol,1,0,0,,,,,,
misofen,diclofenac/misoprostol,1,0,0,,,,,,
kolanticon,dicycloverine/aluminium hydroxide/magnesium oxide/simeticone,1,2,0,,,,,,
cosopt,dorzolamide/timolol,1,2,0,,,,,,
eylamdo,dorzolamide/timolol,1,2,0,,,,,,
tidomat,dorzolamide/timolol,1,2,0,,,,,,
vizidor duo,dorzolamide/timolol,1,2,0,,,,,,
xonvea,doxylamine/piridoxine,1,0,0,,,,,,
combodart,dutasteride/tamsulosin,1,0,0,,,,,,
dutrozen,dutasteride/tamsulosin,1,0,0,,,,,,
innozide,enalapril/hydrochlorothiazide,1,0,0,,,,,,
aknemycin,erythromycin/tretinoin,1,2,0,,,,,,
zineryt,erythromycin/zinc acetate,1,2,0,,,,,,
vimovo,esomeprazole/naproxen,1,0,0,,,,,,
femoston,estradiol/dydrogesterone,1,0,0,,,,,,
zoely,estradiol/nomegestrol,1,0,0,,,,,,
kliovance,estradiol/norethisterone,1,0,0,,,,,,
loestrin,estradiol/norethisterone,1,0,0,,,,,,
estracombi,estradiol/norethisterone,1,0,0,,,,,,
climesse,estradiol/norethisterone,1,0,0,,,,,,
kliofem,estradiol/norethisterone,1,0,0,,,,,,
evorel sequi,estradiol/norethisterone,1,0,0,,,,,,
evorel conti,estradiol/norethisterone,1,1,0,,,,,,
estrapak,estradiol/norethisterone,1,1,0,,,,,,
elleste duet,estradiol/norethisterone,1,0,0,,,,,,
climagest,estradiol/norethisterone,1,0,0,,,,,,
trisequens,estradiol/norethisterone,1,0,0,,,,,,
bijuve,estradiol/progesterone,1,0,0,,,,,,
ethinylestradiol,ethinylestradiol,0,0,1,,,,,,
eloine,ethinylestradiol/drospirenone,1,0,0,,,,,,
dretine,ethinylestradiol/drospirenone,1,0,0,,,,,,
lucette,ethinylestradiol/drospirenone,1,0,0,,,,,,
yacella,ethinylestradiol/drospirenone,1,0,0,,,,,,
yasmin,ethinylestradiol/drospirenone,1,0,0,,,,,,
yiznell,ethinylestradiol/drospirenone,1,0,0,,,,,,
bimizza,ethinylestradiol/desogestrel,1,0,0,,,,,,
gedarel,ethinylestradiol/desogestrel,1,0,0,,,,,,
mercilon,ethinylestradiol/desogestrel,1,0,0,,,,,,
cimizt,ethinylestradiol/desogestrel,1,0,0,,,,,,
marvelon,ethinylestradiol/desogestrel,1,0,0,,,,,,
nuvaring,ethinylestradiol/etonogestrel,1,0,0,,,,,,
syreniring,ethinylestradiol/etonogestrel,1,0,0,,,,,,
ambelina,ethinylestradiol/levonorgestrel,1,0,0,,,,,,
elevin,ethinylestradiol/levonorgestrel,1,0,0,,,,,,
levest,ethinylestradiol/levonorgestrel,1,0,0,,,,,,
logynon,ethinylestradiol/levonorgestrel,1,0,0,,,,,,
maexeni,ethinylestradiol/levonorgestrel,1,0,0,,,,,,
microgynon,ethinylestradiol/levonorgestrel,1,0,0,,,,,,
ovranette,ethinylestradiol/levonorgestrel,1,0,0,,,,,,
rigevidon,ethinylestradiol/levonorgestrel,1,0,0,,,,,,
ambelina,ethinylestradiol/levonorgestrel ,1,0,0,,,,,,
elevin,ethinylestradiol/levonorgestrel ,1,0,0,,,,,,
levest,ethinylestradiol/levonorgestrel ,1,0,0,,,,,,
maexeni,ethinylestradiol/levonorgestrel ,1,0,0,,,,,,
micogynon,ethinylestradiol/levonorgestrel ,1,0,0,,,,,,
ovranette,ethinylestradiol/levonorgestrel ,1,0,0,,,,,,
rigevidon,ethinylestradiol/levonorgestrel ,1,0,0,,,,,,
evra,ethinylestradiol/norelgestromin,1,0,0,,,,,,
brevinor,ethinylestradiol/norethisterone,1,0,0,,,,,,
norimin,ethinylestradiol/norethisterone,1,0,0,,,,,,
cilest,ethinylestradiol/norgestimate,1,0,0,,,,,,
nustendi,ezetimibe/bempedoic acid,1,0,0,,,,,,
inegy,ezetimibe/simvastatin,1,0,0,,,,,,
triapin,felodipine/ramipril,1,0,0,,,,,,
cholib,fenofibrate/simvastatin,1,0,0,,,,,,
bufyl,fentanyl/bupivacaine ,1,0,0,,,,,,
pregaday,ferrous fumarate/folic acid,1,0,0,,,,,,
ferrograd c,ferrous sulfate/ascorbic acid,1,0,0,,,,,,
ferrograd folic,ferrous sulfate/folic acid,1,0,0,,,,,,
locorten,flumetasone pivalate/clioquinol ,1,2,0,,,,,,
flutiform,fluticasone/formoterol,1,2,0,,,,,,
airflusal,fluticasone/salmeterol,1,2,0,,,,,,
aloflute,fluticasone/salmeterol,1,2,0,,,,,,
combisal,fluticasone/salmeterol,1,2,0,,,,,,
sereflo,fluticasone/salmeterol,1,2,0,,,,,,
seretide,fluticasone/salmeterol,1,2,0,,,,,,
sirdupla,fluticasone/salmeterol,1,2,0,,,,,,
stalpex,fluticasone/salmeterol,1,2,0,,,,,,
relvar ellipta,fluticasone/vilanterol,1,0,0,,,,,,
trelegy ellipta,fluticasone/vilanterol/umeclidinium,1,0,0,,,,,,
frusemide,furosemide/spironolactone,1,0,0,,,,,,
lasilactone,furosemide/spironolactone,1,0,0,,,,,,
furosemide/triamterene,furosemide/triamterene,1,0,0,,,,,,
fucidin,fusidic acid/hydrocortisone,1,2,0,,,,,,
gentisone,gentamicin/hydrocortisone,1,2,0,,,,,,
glycerol/magnesium sulfate/phenol,glycerol/magnesium sulfate/phenol,1,2,0,,,,,,
bevespi,glycopyrronium/formoterol,1,2,0,,,,,,
timodine,hydrocortisone/benzalkonium chloride/dimeticone/nystatin ,1,2,0,,,,,,
nystaform HC,hydrocortisone/chlorhexidine/nystatin,1,2,0,,,,,,
xyloproct,hydrocortisone/lidocaine,1,2,0,,,,,,
daktacort,hydrocortisone/miconazole,1,2,0,,,,,,
otosporin,hydrocortisone/neomycin/polymyxin B sulfate ,1,2,0,,,,,,
tears naturale,hypromellose/dextran 70,1,2,0,,,,,,
coversyl arginine plus,indapamide/perindopril,1,0,0,,,,,,
xultophy,insulin/liraglutide,1,0,0,,,,,,
combiprasal,ipratropium/salbutamol,1,2,0,,,,,,
combivent,ipratropium/salbutamol,1,2,0,,,,,,
ipramol,ipratropium/salbutamol,1,2,0,,,,,,
coaprovel,irbesartan/hydrochlorothiazide,1,0,0,,,,,,
fybogel,ispaghula/mebeverine,1,0,0,,,,,,
fixapost,latanoprost/timolol,1,2,0,,,,,,
medox,latanoprost/timolol,1,2,0,,,,,,
xalacom,latanoprost/timolol,1,2,0,,,,,,
sastravi,levodopa/carbidopa/entacapone,1,0,0,,,,,,
stanek,levodopa/carbidopa/entacapone,1,0,0,,,,,,
stalevo,levodopa/carbidopa/entacapone,1,0,0,,,,,,
xylocaine 1%,lidocaine/adrenaline,1,0,0,,,,,,
xylocaine 2%,lidocaine/adrenaline,1,0,0,,,,,,
lignospan,lidocaine/adrenaline,1,0,0,,,,,,
rexocaine,lidocaine/adrenaline,1,0,0,,,,,,
xylonor,lidocaine/cetrimide,1,2,0,,,,,,
lidocaine/phenylephrine,lidocaine/phenylephrine,1,2,0,,,,,,
denela,lidocaine/prilocaine,1,2,0,,,,,,
emla,lidocaine/prilocaine,1,2,0,,,,,,
nulbia,lidocaine/prilocaine,1,2,0,,,,,,
glyxambi,linagliptin/empagliflozin ,1,0,0,,,,,,
jentadueto,linagliptin/metformin,1,0,0,,,,,,
zestoretic,lisinopril/hydrochlorothiazide,1,0,0,,,,,,
imodium,loperamide/simeticone,1,0,0,,,,,,
cozaar-comp,losartan/hydrochlorothiazide,1,0,0,,,,,,
moviprep,macrogol/anhydrous sodium sulfate/ascorbic acid/potassium chloride/sodium ascorbate/sodium chloride,1,0,0,,,,,,
plenvu,macrogol/anhydrous sodium sulfate/ascorbic acid/potassium chloride/sodium ascorbate/sodium chloride,1,0,0,,,,,,
klean-prep,macrogol/anhydrous sodium sulfate/potassium chloride/sodium bicarbonate/sodium chloride,1,0,0,,,,,,
movicol,macrogol/potassium chloride/sodium bicarbonate/sodium chloride,1,0,0,,,,,,
cosmocol,macrogol/potassium chloride/sodium bicarbonate/sodium chloride,1,0,0,,,,,,
laxido,macrogol/potassium chloride/sodium bicarbonate/sodium chloride,1,0,0,,,,,,
molaxole,macrogol/potassium chloride/sodium bicarbonate/sodium chloride,1,0,0,,,,,,
vistaprep,macrogol/potassium chloride/sodium bicarbonate/sodium chloride,1,0,0,,,,,,
indivina,medroxyprogesterone/estradiol,1,0,0,,,,,,
estradiol,medroxyprogesterone/estradiol,1,0,0,,,,,,
tridestra,medroxyprogesterone/estradiol,1,0,0,,,,,,
vipdomet,metformin/alogliptin,1,0,0,,,,,,
vokanemet,metformin/canagliflozin,1,0,0,,,,,,
synjardy,metformin/empagliflozin,1,0,0,,,,,,
competact,metformin/pioglitazone,1,0,0,,,,,,
janumet,metformin/sitagliptin,1,0,0,,,,,,
eucreas,metformin/vildagliptin,1,0,0,,,,,,
depo-medrone with lidocaine,methylprednisolone/lidocaine,1,0,0,,,,,,
lacri-tube,mineral oil/white petrolatum,1,2,0,,,,,,
lacri-lube,mineral oil/white petrolatum,1,2,0,,,,,,
enerzair,mometasone/glycopyrronium/indacaterol,1,2,0,,,,,,
atectura,mometasone/indacaterol,1,2,0,,,,,,
ryaltris,mometasone/olopatadine,1,2,0,,,,,,
neomycin/clobetasol/nystatin,neomycin/clobetasol/nystatin,1,2,0,,,,,,
neomycin/fluocinolone acetonide,neomycin/fluocinolone acetonide,1,0,0,,,,,,
ryeqo,norethisterone/estradiol/relugolix,1,2,0,,,,,,
norinyl,norethisterone/mestranol,1,0,0,,,,,,
nystaform cream,nystatin/chlorhexidine,1,0,0,,,,,,
sevikar 20,olmesartan/amlodipine,1,0,0,,,,,,
sevikar 40,olmesartan/amlodipine,1,0,0,,,,,,
olmetec plus,olmesartan/hydrochlorothiazide,1,0,0,,,,,,
myloxifin,oxycodone/naloxone,1,0,0,,,,,,
oxyargin,oxycodone/naloxone,1,0,0,,,,,,
targinact,oxycodone/naloxone,1,0,0,,,,,,
terra-cortril,oxytetracycline/hydrocortisone,1,2,0,,,,,,
migraleve pink,paracetamol/buclizine/codeine,1,0,0,,,,,,
paracetamol/codeine/caffeine,paracetamol/codeine/caffeine,1,0,0,,,,,,
midrid,paracetamol/isometheptene,1,0,0,,,,,,
paramax,paracetamol/metoclopramide,1,0,0,,,,,,
xonvea,pyridoxine/doxylamine,1,0,0,,,,,,
accuretic,quinapril/hydrochlorothiazide,1,0,0,,,,,,
salicylic acid/benzoic acid,salicylic acid/benzoic acid,1,0,0,,,,,,
salicylic acid/coal tar,salicylic acid/coal tar,1,2,0,,,,,,
salicylic acid/coal tar/dithranol,salicylic acid/coal tar/dithranol,1,2,0,,,,,,
cocois,salicylic acid/coal tar/precipitated sulfur,1,2,0,,,,,,
sebco,salicylic acid/coal tar/precipitated sulfur,1,2,0,,,,,,
salicylic acid/dithranol/zinc oxide,salicylic acid/dithranol/zinc oxide,1,2,0,,,,,,
actikerall,salicylic acid/fluorouracil,1,2,0,,,,,,
bazuka,salicylic acid/lactic acid,1,2,0,,,,,,
salatac,salicylic acid/lactic acid,1,2,0,,,,,,
duofilm,salicylic acid/lactic acid,1,2,0,,,,,,
salactol,salicylic acid/lactic acid,1,2,0,,,,,,
salicylic acid/rhubarb extract,salicylic acid/rhubarb extract,1,2,0,,,,,,
salicylic acid/zinc oxide,salicylic acid/zinc oxide,1,2,0,,,,,,
manevac,senna/ispaghula,1,0,0,,,,,,
acidex oral suspension,sodium alginate/calcium carbonate/sodium bicarbonate ,1,0,0,,,,,,
boots hearburn relief,sodium alginate/calcium carbonate/sodium bicarbonate ,1,0,0,,,,,,
gaviscon original aniseed,sodium alginate/calcium carbonate/sodium bicarbonate ,1,0,0,,,,,,
gaviscon peppermint,sodium alginate/calcium carbonate/sodium bicarbonate ,1,0,0,,,,,,
peptac,sodium alginate/calcium carbonate/sodium bicarbonate ,1,0,0,,,,,,
rennie liquid heartburn,sodium alginate/calcium carbonate/sodium bicarbonate ,1,0,0,,,,,,
gaviscon advance mint,sodium alginate/potassium bicarbonate,1,0,0,,,,,,
acidex advance oral,sodium alginate/potassium bicarbonate,1,0,0,,,,,,
gaviscon advance oral,sodium alginate/potassium bicarbonate,1,0,0,,,,,,
lecicarbon c,sodium bicarbonate/sodium acid phosphate,1,0,0,,,,,,
lecicarbon a,sodium bicarbonate/sodium acid phosphate,1,0,0,,,,,,
sodium bicarbonate/sodium chloride,sodium bicarbonate/sodium chloride,1,0,0,,,,,,
thealoz,sodium hyaluronate/trehalose,1,2,0,,,,,,
viscotears treha,sodium hyaluronate/trehalose,1,2,0,,,,,,
citrafleet,sodium picosulfate/magnesium citrate,1,0,0,,,,,,
picolax,sodium picosulfate/magnesium citrate,1,0,0,,,,,,
vesomni,solifencacin/tamsulosin,1,0,0,,,,,,
combodart,tamsulosin/dutasteride,1,0,0,,,,,,
dutrozen,tamsulosin/dutasteride,1,0,0,,,,,,
micardisplus,telmisartan/hydrochlorothiazide,1,0,0,,,,,,
tolucombi,telmisartan/hydrochlorothiazide,1,0,0,,,,,,
timolol/amiloride/hydrochlorothiazide,timolol/amiloride/hydrochlorothiazide,1,0,0,,,,,,
spiolto,tiotropium/olodaterol,1,2,0,,,,,,
tobradex,tobramycin/dexamethasone,1,2,0,,,,,,
skudexa,tramadol/dexketoprofen,1,0,0,,,,,,
tramacet,tramadol/paracetamol,1,0,0,,,,,,
duotrav,travoprost/timolol,1,0,0,,,,,,
co-diovan,valsartan/hydrochlorothiazide,1,0,0,,,,,,
entresto,valsartan/sacubitril,1,0,0,,,,,,
galvus,vildagliptin,0,0,0,,,,,,
xylometazoline/antazoline,xylometazoline/antazoline,1,2,0,,,,,,
aceprimazin,acepromazine,0,0,0,,,,,,
aceprometazin,aceprometazine,0,0,0,,,,,,
zovirax,aciclovir,0,0,0,,,,,,
aclidinium,aclidinium bromide,0,2,1,,,,,,
eklira,aclidinium bromide,0,2,1,,,,,,
acrivastin,acrivastine,0,0,0,,,,,,
benadryl allergy relief,acrivastine,0,0,0,,,,,,
epinephrine,adrenaline,0,0,0,,,,,,
epipen,adrenaline,0,0,0,,,,,,
emerade,adrenaline,0,0,0,,,,,,
jext,adrenaline,0,0,0,,,,,,
alendronat,alendronic acid,0,0,1,,,,,,
alendronate,alendronic acid,0,0,1,,,,,,
fosamax,alendronic acid,0,0,1,,,,,,
binosto,alendronic acid,0,0,1,,,,,,
alcidol,alfacalcidol,0,0,0,,,,,,
alfacaless,alfacalcidol,0,0,0,,,,,,
one-alpha,alfacalcidol,0,0,0,,,,,,
besavar,alfuzosin,0,0,0,,,,,,
fuzatal,alfuzosin,0,0,0,,,,,,
vasran,alfuzosin,0,0,0,,,,,,
xatral,alfuzosin,0,0,0,,,,,,
zochek,alfuzosin,0,0,0,,,,,,
gastrocote,alginic acid,0,0,1,,,,,,
gaviscon,alginic acid,0,0,1,,,,,,
gaviscon,alginic acid,0,0,0,,,,,,
alimemazin,alimemazine,0,0,0,,,,,,
trimeprazine,alimemazine,0,0,0,,,,,,
itzenal,alimemazine,0,0,0,,,,,,
zyloric,allopurinol,0,0,0,,,,,,
uricto,allopurinol,0,0,0,,,,,,
xanax,alprazolam,0,0,0,,,,,,
alverin,alverine,0,0,0,,,,,,
audmonal,alverine,0,0,0,,,,,,
spasmonal,alverine,0,0,0,,,,,,
amantadin,amantadine,0,0,0,,,,,,
amilorid,amiloride,0,0,1,,,,,,
aminophyllin,aminophylline,0,0,0,,,,,,
phyllocontin,aminophylline,0,0,0,,,,,,
cordarone x,amiodarone,0,0,0,,,,,,
solian,amisulpride,0,0,0,,,,,,
amitriptylin,amitriptyline,0,0,0,,,,,,
istin,amlodipine,0,0,1,,,,,,
amorolfin,amorolfine,0,0,0,,,,,,
loceryl,amorolfine,0,0,0,,,,,,
omicur,amorolfine,0,0,0,,,,,,
amoxapin,amoxapine,0,0,0,,,,,,
amoxicillin,amoxicillin,0,0,0,,,,,,
amoxil,amoxicillin,0,0,0,,,,,,
amoxycilin,amoxicillin,0,0,0,,,,,,
amoxycillin,amoxicillin,0,0,0,,,,,,
ampicillin,ampicillin,0,0,0,,,,,,
anastrozol,anastrozole,0,0,0,,,,,,
arimidex,anastrozole,0,0,0,,,,,,
dermol,antimicrobial emollient cream,0,2,0,,,,,,
aliquid,apixaban,0,0,0,,,,,,
abilify,aripiprazole,0,0,0,,,,,,
aripiprazol,aripiprazole,0,0,0,,,,,,
arpoya,aripiprazole,0,0,0,,,,,,
aascorb,ascorbic acid,0,0,0,,,,,,
ascorb,ascorbic acid,0,0,0,,,,,,
vodexo,ascorbic acid,0,0,0,,,,,,
vitamin c,ascorbic acid,0,0,0,,,,,,
ascur,ascorbic acid,0,0,0,,,,,,
arsenapine,asenapine,0,0,0,,,,,,
asenapin,asenapine,0,0,0,,,,,,
sycrest,asenapine,0,0,0,,,,,,
acetylsalicylic acid,aspirin,0,0,1,,,,,,
danamep,aspirin,0,0,1,,,,,,
disprin,aspirin,0,0,1,,,,,,
tenormin,atenolol,0,0,1,,,,,,
lipitor,atorvastatin,0,0,0,,,,,,
atropin,atropine,0,0,0,,,,,,
azatadin,azatadine,0,0,0,,,,,,
azathioprin,azathioprine,0,0,0,,,,,,
imuran,azathioprine,0,0,0,,,,,,
azelastin,azelastine,0,2,1,,,,,,
optilast,azelastine,0,2,1,,,,,,
rhinolast,azelastine,0,2,1,,,,,,
zithromax,azithromycin,0,0,0,,,,,,
zedback,azithromycin,0,0,0,,,,,,
azyter,azithromycin,0,1,0,,,,,,
lioresal,baclofen,0,0,0,,,,,,
lyflex,baclofen,0,0,0,,,,,,
colazide,balsalazide,0,0,0,,,,,,
balsalazid,balsalazide,0,0,0,,,,,,
berberis,barberry,0,0,0,,,,,,
cavilon,barrier cream,0,2,0,,,,,,
drapolene,barrier cream,0,2,0,,,,,,
siopel,barrier cream,0,2,0,,,,,,
sudocrem,barrier cream,0,2,0,,,,,,
conotrane,barrier cream,0,2,0,,,,,,
metanium nappy rash,barrier cream,0,2,0,,,,,,
ovelle zinc,barrier cream,0,2,0,,,,,,
castor oil,barrier cream,0,2,0,,,,,,
sprilon,barrier cream,0,2,0,,,,,,
clenil,beclometasone,0,1,1,,,,,,
beclomethasone,beclometasone,0,0,0,,,,,,
beclasone,beclometasone,0,0,0,,,,,,
beclazone,beclometasone,0,0,0,,,,,,
clipper,beclometasone,0,0,0,,,,,,
kelhale,beclometasone,0,1,0,,,,,,
qvar,beclometasone,0,1,0,,,,,,
soprobec,beclometasone,0,1,0,,,,,,
nasobec,beclometasone,0,1,0,,,,,,
beconase,beclometasone,0,1,0,,,,,,
becotide,beclometasone,0,1,0,,,,,,
belladona,belladonna,0,0,0,,,,,,
benazepril,benazepril,0,0,0,,,,,,
bendrofluazide,bendroflumethiazide,0,0,1,,,,,,
benzatropin,benztropine,0,0,0,,,,,,
benzatropine,benztropine,0,0,0,,,,,,
benztropin,benztropine,0,0,0,,,,,,
betoptic,benztropine,0,0,0,,,,,,
benzydamin,benzydamine,0,2,0,,,,,,
difflam,benzydamine,0,2,0,,,,,,
betahistin,betahistine,0,0,0,,,,,,
serc,betahistine,0,0,0,,,,,,
betamethason,betamethasone,0,0,1,,,,,,
betnesol,betamethasone,0,0,1,,,,,,
vistamethasone,betamethasone,0,1,1,,,,,,
bettamousse,betamethasone,0,1,1,,,,,,
betacap,betamethasone,0,1,1,,,,,,
betnovate,betamethasone,0,1,1,,,,,,
diprosone,betamethasone,0,1,1,,,,,,
audavate,betamethasone,0,1,1,,,,,,
betesil,betamethasone,0,1,1,,,,,,
betaxolol,betaxolol,0,0,0,,,,,,
bezafribat,bezafibrate,0,0,0,,,,,,
bezalip,bezafibrate,0,0,0,,,,,,
lipozate,bezafibrate,0,0,0,,,,,,
bicalutamid,bicalutamide,0,0,0,,,,,,
casodex,bicalutamide,0,0,0,,,,,,
lumigan,bimatoprost,0,1,1,,,,,,
bimi,bimatoprost,0,1,1,,,,,,
eyreida,bimatoprost,0,1,1,,,,,,
vizibim,bimatoprost,0,1,1,,,,,,
zimed,bimatoprost,0,1,1,,,,,,
biperiden,biperiden,0,0,0,,,,,,
dulcolax 5,bisacodyl,0,0,0,,,,,,
dulcolax twelve,bisacodyl,0,0,0,,,,,,
entrolax constipation relief,bisacodyl,0,0,0,,,,,,
numark constipation relief,bisacodyl,0,0,0,,,,,,
cardicor,bisoprolol,0,0,0,,,,,,
blonanserin,blonanserin,0,0,0,,,,,,
brimonidin,brimonidine,0,2,1,,,,,,
alphagan,brimonidine,0,2,1,,,,,,
brymont,brimonidine,0,2,1,,,,,,
mirvaso,brimonidine,0,2,1,,,,,,
brinzolamid,brinzolamide,0,2,1,,,,,,
azopt,brinzolamide,0,2,1,,,,,,
bromocriptin,bromocriptine,0,0,0,,,,,,
parlodel,bromocriptine,0,0,0,,,,,,
bromperidol,bromperidol,0,0,0,,,,,,
brompheniramin,brompheniramine,0,0,0,,,,,,
buclizin,buclizine,0,0,0,,,,,,
budesonid,budesonide,0,0,1,,,,,,
jorveza,budesonide,0,0,1,,,,,,
rhinocort,budesonide,0,1,1,,,,,,
cortiment,budesonide,0,0,1,,,,,,
entocort,budesonide,0,0,1,,,,,,
budenofalk,budesonide,0,0,1,,,,,,
pulmicort,budesonide,0,1,1,,,,,,
aircort,budesonide,0,1,1,,,,,,
bumetanid,bumetanide,0,0,1,,,,,,
buprenorphin,buprenorphine,0,0,1,,,,,,
temgesic,buprenorphine,0,0,1,,,,,,
tephine,buprenorphine,0,0,1,,,,,,
natzon,buprenorphine,0,0,1,,,,,,
prefibin,buprenorphine,0,0,1,,,,,,
subutex,buprenorphine,0,0,1,,,,,,
espranor,buprenorphine,0,0,1,,,,,,
buvidal,buprenorphine,0,0,1,,,,,,
butrans,buprenorphine,0,1,1,,,,,,
bunov,buprenorphine,0,1,1,,,,,,
bupramyl,buprenorphine,0,1,1,,,,,,
butec,buprenorphine,0,1,1,,,,,,
panitaz,buprenorphine,0,1,1,,,,,,
rebrikel,buprenorphine,0,1,1,,,,,,
reletrans,buprenorphine,0,1,1,,,,,,
sevodyne,buprenorphine,0,1,1,,,,,,
bupeaze,buprenorphine,0,1,1,,,,,,
carlosafine,buprenorphine,0,1,1,,,,,,
hapoctasin,buprenorphine,0,1,1,,,,,,
relevtec,buprenorphine,0,1,1,,,,,,
transtec,buprenorphine,0,1,1,,,,,,
sixmo,buprenorphine,0,0,1,,,,,,
buproprion,bupropion,0,0,0,,,,,,
zyban,bupropion,0,0,0,,,,,,
buspiron,buspirone,0,0,0,,,,,,
dovonex,calcipotriol,0,2,1,,,,,,
rennie orange,calcium carbonate,0,0,1,,,,,,
setlers antacid,calcium carbonate,0,0,1,,,,,,
healthaid strong calcium,calcium carbonate,0,0,1,,,,,,
a1-cal,calcium carbonate,0,0,1,,,,,,
calcichew 500,calcium carbonate,0,0,1,,,,,,
aaceca,calcium carbonate,0,0,1,,,,,,
adcal 1500,calcium carbonate,0,0,1,,,,,,
calcium 500,calcium carbonate,0,0,1,,,,,,
invokana,canagliflozin,0,0,0,,,,,,
amias,candesartan,0,0,0,,,,,,
zacin,capsaicin,0,2,0,,,,,,
axsain,capsaicin,0,2,0,,,,,,
qutenza,capsaicin,0,2,0,,,,,,
noyada,captopril,0,0,0,,,,,,
carbagen,carbamazepine,0,0,0,,,,,,
carbamazepin,carbamazepine,0,0,0,,,,,,
tegretol,carbamazepine,0,0,0,,,,,,
carbidopa,carbidopa,0,0,0,,,,,,
carbimazol,carbimazole,0,0,0,,,,,,
carbinoxamin,carbinoxamine,0,0,0,,,,,,
carbocistein,carbocisteine,0,0,0,,,,,,
carbositeine,carbocisteine,0,0,0,,,,,,
mucodyne,carbocisteine,0,0,0,,,,,,
aacarb,carbomer,0,1,0,,,,,,
aacomer,carbomer,0,1,0,,,,,,
artelac nighttime,carbomer,0,1,0,,,,,,
clinitas carbomer,carbomer,0,1,0,,,,,,
geltears,carbomer,0,1,0,,,,,,
lumecare carbomer,carbomer,0,1,0,,,,,,
ocu-lube carbomer,carbomer,0,1,0,,,,,,
ocufresh 0.2%,carbomer,0,1,0,,,,,,
viscotears 2mg,carbomer,0,1,0,,,,,,
xailin 0.2,carbomer,0,1,0,,,,,,
vismed gel 0.3,carbomer,0,1,0,,,,,,
tears naturale,carbomer,0,1,0,,,,,,
viscotears liquid gel,carbomer,0,1,0,,,,,,
viscotears liq eye,carbomer,0,1,0,,,,,,
viscotears 0.2,carbomer,0,1,0,,,,,,
viscotears liquid gel,carbomer,0,1,0,,,,,,
carisoprodol,carisoprodol,0,0,0,,,,,,
carmellos,carmellose,0,2,0,,,,,,
aqualube,carmellose,0,2,0,,,,,,
carmize,carmellose,0,2,0,,,,,,
cellusan,carmellose,0,2,0,,,,,,
celluvisc,carmellose,0,2,0,,,,,,
optho-lique,carmellose,0,2,0,,,,,,
optive plus,carmellose,0,2,0,,,,,,
optive 0.5,carmellose,0,2,0,,,,,,
tearvis,carmellose,0,2,0,,,,,,
vizcellose,carmellose,0,2,0,,,,,,
visuxl gel,carmellose,0,2,0,,,,,,
xailin fresh 0.5,carmellose,0,2,0,,,,,,
carvedilol,carvedilol,0,0,0,,,,,,
distaclor,cefaclor,0,0,0,,,,,,
cephalexin,cefalexin,0,0,0,,,,,,
keflex,cefalexin,0,0,0,,,,,,
cefamandol,cefamandole,0,0,0,,,,,,
renoxitin,cefoxitin,0,0,0,,,,,,
cefradin,cefradine,0,0,0,,,,,,
celebrex,celecoxib,0,0,0,,,,,,
celiprolol,celiprolol,0,0,0,,,,,,
cefalothin,cephalotin,0,0,0,,,,,,
cefalotin,cephalotin,0,0,0,,,,,,
cephalothin,cephalotin,0,0,0,,,,,,
cetirizin,cetirizine,0,0,0,,,,,,
benadryl allergy liquid,cetirizine,0,0,0,,,,,,
allacan,cetirizine,0,0,0,,,,,,
galpharm hayfever and allergy,cetirizine,0,0,0,,,,,,
lloydspharmacy hayfever and allergy,cetirizine,0,0,0,,,,,,
numark hayfever & allergy,cetirizine,0,0,0,,,,,,
piriteze allergy,cetirizine,0,0,0,,,,,,
pollenshield hayfever,cetirizine,0,0,0,,,,,,
ziralton,cetirizine,0,0,0,,,,,,
zirtek allergy,cetirizine,0,0,0,,,,,,
eykappo,chloramphenicol,0,1,0,,,,,,
chlordiazepoxid,chlordiazepoxide,0,0,0,,,,,,
librium,chlordiazepoxide,0,0,0,,,,,,
chlorhexidin,chlorhexidine,0,2,1,,,,,,
sterets,chlorhexidine,0,2,1,,,,,,
hibi liquid,chlorhexidine,0,2,1,,,,,,
hydrex clear,chlorhexidine,0,2,1,,,,,,
hydrex pink,chlorhexidine,0,2,1,,,,,,
cepton,chlorhexidine,0,2,1,,,,,,
hibiscrub,chlorhexidine,0,2,1,,,,,,
hydrex 4,chlorhexidine,0,2,1,,,,,,
acriflex,chlorhexidine,0,2,1,,,,,,
germolene wound care,chlorhexidine,0,2,1,,,,,,
hibitane,chlorhexidine,0,2,1,,,,,,
perio-kin,chlorhexidine,0,2,1,,,,,,
corsodyl,chlorhexidine,0,2,1,,,,,,
uro-tainer,chlorhexidine,0,2,1,,,,,,
curasept,chlorhexidine,0,2,1,,,,,,
avloclor,chloroquine,0,0,1,,,,,,
chloroquin,chloroquine,0,0,1,,,,,,
malarivon,chloroquine,0,0,1,,,,,,
allerief,chlorphenamine,0,0,0,,,,,,
boots allergy relief,chlorphenamine,0,0,0,,,,,,
chlorphenamin,chlorphenamine,0,0,0,,,,,,
chlorpheniramin,chlorphenamine,0,0,0,,,,,,
chlorpheniramine,chlorphenamine,0,0,0,,,,,,
hayleve,chlorphenamine,0,0,0,,,,,,
lloydspharmacy allergy,chlorphenamine,0,0,0,,,,,,
numark antihistamine,chlorphenamine,0,0,0,,,,,,
piriton,chlorphenamine,0,0,0,,,,,,
pollenase,chlorphenamine,0,0,0,,,,,,
chlorpromazin,chlorpromazine,0,0,0,,,,,,
largactil,chlorpromazine,0,0,0,,,,,,
chlorprothixen,chlorprothixene,0,0,0,,,,,,
chlorprotixen,chlorprothixene,0,0,0,,,,,,
chlortalidon,chlortalidone,0,0,1,,,,,,
chlorthalidon,chlortalidone,0,0,1,,,,,,
chlorthalidone,chlortalidone,0,0,1,,,,,,
hylaton,chlortalidone,0,0,1,,,,,,
lorzone,chlorzoxazone,0,0,0,,,,,,
muscol,chlorzoxazone,0,0,0,,,,,,
paraflex,chlorzoxazone,0,0,0,,,,,,
remular-s,chlorzoxazone,0,0,0,,,,,,
parafon,chlorzoxazone,0,0,0,,,,,,
relaxazone,chlorzoxazone,0,0,0,,,,,,
eze d.s.,chlorzoxazone,0,0,0,,,,,,
remular,chlorzoxazone,0,0,0,,,,,,
strifon,chlorzoxazone,0,0,0,,,,,,
cyclosporin,ciclosporin,0,0,0,,,,,,
cyclosporine,ciclosporin,0,0,0,,,,,,
neoral,ciclosporin,0,0,0,,,,,,
vanquoral,ciclosporin,0,0,0,,,,,,
capimune,ciclosporin,0,0,0,,,,,,
capsorin,ciclosporin,0,0,0,,,,,,
deximune,ciclosporin,0,0,0,,,,,,
sandimmun,ciclosporin,0,0,0,,,,,,
ikervis,ciclosporin,0,1,0,,,,,,
verkazia,ciclosporin,0,1,0,,,,,,
cimetidin,cimetidine,0,0,0,,,,,,
tagamet,cimetidine,0,0,0,,,,,,
cimetropium,cimetropium,0,0,0,,,,,,
boots motion sickness,cinnarizine,0,0,1,,,,,,
stugeron,cinnarizine,0,0,1,,,,,,
ciprofibrat,ciprofibrate,0,0,0,,,,,,
ciproxin,ciprofloxacin,0,0,1,,,,,,
cetraxal,ciprofloxacin,0,1,1,,,,,,
ciloxan,ciprofloxacin,0,1,1,,,,,,
citaloprame,citalopram,0,0,0,,,,,,
cipramil,citalopram,0,0,0,,,,,,
klaricid,clarithromycin,0,0,0,,,,,,
xetinin,clarithromycin,0,0,0,,,,,,
clemastin,clemastine,0,0,0,,,,,,
meclastin,clemastine,0,0,0,,,,,,
tavegil,clemastine,0,0,0,,,,,,
clidinium,clidinium,0,0,0,,,,,,
dalacin c,clindamycin,0,0,1,,,,,,
dalacin,clindamycin,0,0,1,,,,,,
zindaclin,clindamycin,0,1,1,,,,,,
dermovate,clobetasol,0,2,1,,,,,,
clobaderm,clobetasol,0,2,1,,,,,,
etrivex,clobetasol,0,2,1,,,,,,
eumovate,clobetasone,0,2,1,,,,,,
clobavate,clobetasone,0,2,1,,,,,,
clobetason,clobetasone,0,2,1,,,,,,
chlomipramine,clomipramine,0,0,0,,,,,,
chlomipramin,clomipramine,0,0,0,,,,,,
clonazepam,clonazepam,0,0,0,,,,,,
clonidin,clonidine,0,0,0,,,,,,
catapres,clonidine,0,0,0,,,,,,
cloperastin,cloperastine,0,0,0,,,,,,
grepid,clopidogrel,0,0,0,,,,,,
plavix,clopidogrel,0,0,0,,,,,,
clorazepat,clorazepate,0,0,0,,,,,,
clotiapin,clotiapine,0,0,0,,,,,,
clotrimazol,clotrimazole,0,0,1,,,,,,
canesten,clotrimazole,0,0,1,,,,,,
boots antifungal,clotrimazole,0,1,1,,,,,,
boots pharmacy thrush,clotrimazole,0,1,1,,,,,,
lloydspharmacy antifungal,clotrimazole,0,1,1,,,,,,
lloydspharmacy thrush,clotrimazole,0,1,1,,,,,,
clozapin,clozapine,0,0,0,,,,,,
clozaril,clozapine,0,0,0,,,,,,
denzapine,clozapine,0,0,0,,,,,,
zaponex,clozapine,0,0,0,,,,,,
neutrogena,coal tar,0,2,0,,,,,,
alphosyl,coal tar,0,2,0,,,,,,
psoriderm,coal tar,0,2,0,,,,,,
polytar,coal tar,0,2,0,,,,,,
exorex,coal tar,0,2,0,,,,,,
frumil,co-amilofruse,0,0,0,,,,,,
co-amoxiclav,co-amoxiclav,0,0,0,,,,,,
augmentin,co-amoxiclav,0,0,0,,,,,,
cocois,coconut oil,0,2,1,,,,,,
codein,codeine,0,0,1,,,,,,
galcodine,codeine,0,0,1,,,,,,
colchicin,colchicine,0,0,0,,,,,,
cholecalciferol,colecalciferol,0,0,1,,,,,,
d3,colecalciferol,0,0,1,,,,,,
aciferol,colecalciferol,0,0,1,,,,,,
coledose,colecalciferol,0,0,1,,,,,,
colekal-d3 400,colecalciferol,0,0,1,,,,,,
cubicole,colecalciferol,0,0,1,,,,,,
dekristol,colecalciferol,0,0,1,,,,,,
fultium-d3,colecalciferol,0,0,1,,,,,,
desunin,colecalciferol,0,0,1,,,,,,
everyday-d,colecalciferol,0,0,1,,,,,,
urgent-d,colecalciferol,0,0,1,,,,,,
d-max,colecalciferol,0,0,1,,,,,,
d-pearls,colecalciferol,0,0,1,,,,,,
babyd,colecalciferol,0,0,1,,,,,,
kora liquid,colecalciferol,0,0,1,,,,,,
thorens,colecalciferol,0,0,1,,,,,,
zimad,colecalciferol,0,0,1,,,,,,
vigantol,colecalciferol,0,0,1,,,,,,
colestyramin,colestyramine,0,0,0,,,,,,
questran,colestyramine,0,0,0,,,,,,
aveeno,colloidal oatmeal-containing cream,0,2,0,,,,,,
zeroveen,colloidal oatmeal-containing cream,0,2,0,,,,,,
prempak-c,conjugated oestrogens,0,0,1,,,,,,
premarin,conjugated oestrogens,0,0,1,,,,,,
corticosteron,corticosterone,0,0,0,,,,,,
cortison,cortisone,0,0,0,,,,,,
cyamepromazine,cyamemazine,0,0,0,,,,,,
cyamemazin,cyamemazine,0,0,0,,,,,,
tercian,cyamemazine,0,0,0,,,,,,
b12,cyanocobalamin,0,0,0,,,,,,
cyanocob12,cyanocobalamin,0,0,0,,,,,,
cyanocominn,cyanocobalamin,0,0,0,,,,,,
lamberts,cyanocobalamin,0,0,0,,,,,,
acyanocomin,cyanocobalamin,0,0,0,,,,,,
behepan,cyanocobalamin,0,0,0,,,,,,
cytamen,cyanocobalamin,0,0,0,,,,,,
cyclizin,cyclizine,0,0,0,,,,,,
cyclobenzapin,cyclobenzaprine,0,0,0,,,,,,
cycloestradiol,cyclodiol,0,0,0,,,,,,
cyclo-estradiol,cyclodiol,0,0,0,,,,,,
cycloserin,cycloserine,0,0,0,,,,,,
cyproheptadin,cyproheptadine,0,0,0,,,,,,
periactin,cyproheptadine,0,0,0,,,,,,
forxiga,dapagliflozin,0,0,1,,,,,,
emselex,darifenacin,0,0,0,,,,,,
desipramin,desipramine,0,0,0,,,,,,
desloratadin,desloratadine,0,0,0,,,,,,
neoclarityn,desloratadine,0,0,0,,,,,,
ddavp,desmopressin,0,0,0,,,,,,
desmotabs,desmopressin,0,0,0,,,,,,
noqdirna,desmopressin,0,0,0,,,,,,
desmomelt,desmopressin,0,0,0,,,,,,
octim,desmopressin,0,0,0,,,,,,
desmospray,desmopressin,0,0,0,,,,,,
minirin,desmopressin,0,0,0,,,,,,
cerelle,desogestrel,0,0,1,,,,,,
cerazette,desogestrel,0,0,1,,,,,,
desomono,desogestrel,0,0,1,,,,,,
desorex,desogestrel,0,0,1,,,,,,
feanolla,desogestrel,0,0,1,,,,,,
moonia,desogestrel,0,0,1,,,,,,
zelleta,desogestrel,0,0,1,,,,,,
desfaz,desvenlafaxine,0,0,0,,,,,,
ellefore,desvenlafaxine,0,0,0,,,,,,
khedezla,desvenlafaxine,0,0,0,,,,,,
pristiq,desvenlafaxine,0,0,0,,,,,,
dexamethason,dexamethasone,0,0,1,,,,,,
dexsol,dexamethasone,0,0,1,,,,,,
glensoludex,dexamethasone,0,0,1,,,,,,
martapan,dexamethasone,0,0,1,,,,,,
dexafree,dexamethasone,0,1,1,,,,,,
dropodex,dexamethasone,0,1,1,,,,,,
eythalm,dexamethasone,0,1,1,,,,,,
maxidex,dexamethasone,0,1,1,,,,,,
ozurdex,dexamethasone,0,0,1,,,,,,
neofordex,dexamethasone,0,0,1,,,,,,
dexbrompheniramin,dexbrompheniramine,0,0,0,,,,,,
dexchlorpheniramin,dexchlorpheniramine,0,0,0,,,,,,
dexchorpheniramin,dexchlorpheniramine,0,0,0,,,,,,
polaramine,dexchlorpheniramine,0,0,0,,,,,,
dexchorpheniramine,dexchlorpheniramine,0,0,0,,,,,,
dextromethorphan,dextromethorphan,0,0,0,,,,,,
diazepam,diazepam,0,0,0,,,,,,
diazemuls,diazepam,0,0,0,,,,,,
diazepame,diazepam,0,0,0,,,,,,
stesolid,diazepam,0,0,0,,,,,,
diclo-sr,diclofenac,0,0,1,,,,,,
dicloflex,diclofenac,0,0,1,,,,,,
enstar,diclofenac,0,0,1,,,,,,
diclomax,diclofenac,0,0,1,,,,,,
motifene,diclofenac,0,0,1,,,,,,
voltarol,diclofenac,0,0,1,,,,,,
akis,diclofenac,0,0,1,,,,,,
solacutan,diclofenac,0,1,1,,,,,,
dicyclomin,dicycloverine,0,0,1,,,,,,
dicyclomine,dicycloverine,0,0,1,,,,,,
dicycloverin,dicycloverine,0,0,1,,,,,,
algesal,diethylamine,0,2,0,,,,,,
difemerin,difemerine,0,0,0,,,,,,
diphenidol,difenidol,0,0,0,,,,,,
digitoxin,digitoxin,0,0,0,,,,,,
lanoxin,digoxin,0,0,0,,,,,,
dihydrocodein,dihydrocodeine,0,0,1,,,,,,
df 118,dihydrocodeine,0,0,1,,,,,,
dhc continus,dihydrocodeine,0,0,1,,,,,,
angitil sr,diltiazem,0,0,0,,,,,,
retalzem,diltiazem,0,0,0,,,,,,
dilzem,diltiazem,0,0,0,,,,,,
tildiem,diltiazem,0,0,0,,,,,,
dilcardia,diltiazem,0,0,0,,,,,,
adizem,diltiazem,0,0,0,,,,,,
slozem,diltiazem,0,0,0,,,,,,
uard,diltiazem,0,0,0,,,,,,
viazem,diltiazem,0,0,0,,,,,,
zemtard,diltiazem,0,0,0,,,,,,
dimenhydrinat,dimenhydrinate,0,0,0,,,,,,
dimethinden,dimetindene,0,0,0,,,,,,
dimethindene,dimetindene,0,0,0,,,,,,
dimetinden,dimetindene,0,0,0,,,,,,
diphenhydramin,diphenhydramine,0,0,0,,,,,,
diphenoxylat,diphenoxylate,0,0,0,,,,,,
diphenylpyralin,diphenylpyraline,0,0,0,,,,,,
revaxis,diphtheria with tetanus and poliomyelitis vaccine,0,0,0,,,,,,
attia,dipyridamole,0,0,1,,,,,,
dipyridamol,dipyridamole,0,0,1,,,,,,
ofcram,dipyridamole,0,0,1,,,,,,
disopyramid,disopyramide,0,0,0,,,,,,
rythmodan,disopyramide,0,0,0,,,,,,
waxsol,docusate,0,1,0,,,,,,
molcer,docusate,0,1,0,,,,,,
docusat,docusate,0,0,0,,,,,,
dioctyl,docusate,0,0,0,,,,,,
norgalax,docusate,0,0,0,,,,,,
domperidon,domperidone,0,0,0,,,,,,
motilium,domperidone,0,0,0,,,,,,
aricept,donepezil,0,0,0,,,,,,
dorzolamid,dorzolamide,0,2,1,,,,,,
eydelto,dorzolamide,0,2,1,,,,,,
trusopt,dorzolamide,0,2,1,,,,,,
vizidor,dorzolamide,0,2,1,,,,,,
prothiaden,dosulepin,0,0,0,,,,,,
dothiepin,dosulepin,0,0,0,,,,,,
cardura,doxazosin,0,0,0,,,,,,
larbex,doxazosin,0,0,0,,,,,,
raporsin,doxazosin,0,0,0,,,,,,
slocinx,doxazosin,0,0,0,,,,,,
doxepine,doxepin,0,0,0,,,,,,
xepin,doxepin,0,1,0,,,,,,
doxycyclin,doxycycline,0,0,0,,,,,,
periostat,doxycycline,0,0,0,,,,,,
vibramycin,doxycycline,0,0,0,,,,,,
efracea,doxycycline,0,0,0,,,,,,
doxylamin,doxylamine,0,0,1,,,,,,
cymbalta,duloxetine,0,0,0,,,,,,
dotor,duloxetine,0,0,0,,,,,,
duciltia,duloxetine,0,0,0,,,,,,
duloxetin,duloxetine,0,0,0,,,,,,
yentreve,duloxetine,0,0,0,,,,,,
dutasterid,dutasteride,0,0,1,,,,,,
avodart,dutasteride,0,0,1,,,,,,
emedastin,emedastine,0,0,0,,,,,,
emepronium,emepronium,0,0,0,,,,,,
jardiance,empagliflozin,0,0,0,,,,,,
innovace,enalapril,0,0,1,,,,,,
arovi,enoxaparin,0,0,0,,,,,,
clexane,enoxaparin,0,0,0,,,,,,
inhixa,enoxaparin,0,0,0,,,,,,
ledraxen,enoxaparin,0,0,0,,,,,,
comtess,entacapone,0,0,1,,,,,,
entacapon,entacapone,0,0,1,,,,,,
ephedrin,ephedrine,0,0,0,,,,,,
eplerenon,eplerenone,0,0,0,,,,,,
inspra,eplerenone,0,0,0,,,,,,
teveten,eprosartan,0,0,0,,,,,,
ergotamin,ergotamine,0,0,0,,,,,,
erythrocin,erythromycin,0,0,1,,,,,,
erythroped,erythromycin,0,0,1,,,,,,
cipralex,escitalopram,0,0,0,,,,,,
esomeprazol,esomeprazole,0,0,1,,,,,,
nexium,esomeprazole,0,0,1,,,,,,
emozul,esomeprazole,0,0,1,,,,,,
estazolam,estazolam,0,0,0,,,,,,
elleste,estradiol,0,0,1,,,,,,
oestradiol,estradiol,0,0,1,,,,,,
climaval,estradiol,0,0,1,,,,,,
progynova,estradiol,0,0,1,,,,,,
zumenon,estradiol,0,0,1,,,,,,
bedol,estradiol,0,0,1,,,,,,
vagifem,estradiol,0,0,1,,,,,,
vagirux,estradiol,0,0,1,,,,,,
estring,estradiol,0,1,1,,,,,,
estraderm,estradiol,0,1,1,,,,,,
estradot,estradiol,0,1,1,,,,,,
evorel 25,estradiol,0,1,1,,,,,,
evorel -50,estradiol,0,1,1,,,,,,
evorel 50,estradiol,0,1,1,,,,,,
evorel -25,estradiol,0,1,1,,,,,,
evorel -100,estradiol,0,1,1,,,,,,
evorel 75,estradiol,0,1,1,,,,,,
evorel -75,estradiol,0,1,1,,,,,,
femseven,estradiol,0,1,1,,,,,,
nuvelle,estradiol,0,0,1,,,,,,
gynokadin,estradiol,0,1,1,,,,,,
eastraclin,estradiol,0,1,1,,,,,,
oestrogel,estradiol,0,1,1,,,,,,
lenzetto,estradiol,0,1,1,,,,,,
fromseven conti,estradiol,0,1,1,,,,,,
fromseven sequi,estradiol,0,1,1,,,,,,
zoely,estradiol,0,0,1,,,,,,
femoston-conti,estradiol,0,0,1,,,,,,
femoston,estradiol,0,0,1,,,,,,
indivina,estradiol,0,0,1,,,,,,
tridestra,estradiol,0,0,1,,,,,,
bijuve,estradiol,0,0,1,,,,,,
imvaggis,estriol,0,0,0,,,,,,
ovestin,estriol,0,0,0,,,,,,
blissel,estriol,0,1,0,,,,,,
gynest,estriol,0,1,0,,,,,,
etolyn,etodolac,0,0,0,,,,,,
etopan,etodolac,0,0,0,,,,,,
lodine,etodolac,0,0,0,,,,,,
arcoxia,etoricoxib,0,0,0,,,,,,
femulen,etynodiol,0,0,0,,,,,,
exemestan,exemestane,0,0,0,,,,,,
aromasin,exemestane,0,0,0,,,,,,
exenatid,exenatide,0,0,0,,,,,,
byetta,exenatide,0,0,0,,,,,,
bydureon,exenatide,0,0,0,,,,,,
ezetimib,ezetimibe,0,0,1,,,,,,
ezetrol,ezetimibe,0,0,1,,,,,,
famotidin,famotidine,0,0,0,,,,,,
felbinac,felbinac,0,0,0,,,,,,
cardioplen,felodipine,0,0,1,,,,,,
delofine,felodipine,0,0,1,,,,,,
felotens,felodipine,0,0,1,,,,,,
folpik,felodipine,0,0,1,,,,,,
neofel,felodipine,0,0,1,,,,,,
parmid,felodipine,0,0,1,,,,,,
vascalpha,felodipine,0,0,1,,,,,,
pinefeld,felodipine,0,0,1,,,,,,
felodipin,felodipine,0,0,1,,,,,,
fenofibrat,fenofibrate,0,0,1,,,,,,
lipantil,fenofibrate,0,0,1,,,,,,
abstral,fentanyl,0,0,1,,,,,,
actiq,fentanyl,0,0,1,,,,,,
fenhuma,fentanyl,0,0,1,,,,,,
cynril,fentanyl,0,0,1,,,,,,
durogesic,fentanyl,0,1,1,,,,,,
effentora,fentanyl,0,0,1,,,,,,
fencino,fentanyl,0,1,1,,,,,,
fentalis,fentanyl,0,0,1,,,,,,
instanyl,fentanyl,0,1,1,,,,,,
matrifen,fentanyl,0,1,1,,,,,,
mezolar,fentanyl,0,1,1,,,,,,
opiodur,fentanyl,0,1,1,,,,,,
pecfent,fentanyl,0,1,1,,,,,,
sublimaze,fentanyl,0,0,1,,,,,,
victanyl,fentanyl,0,1,1,,,,,,
yemex,fentanyl,0,0,1,,,,,,
ferrodose-f,ferrous fumarate,0,0,1,,,,,,
ferroess,ferrous fumarate,0,0,1,,,,,,
galfer,ferrous fumarate,0,0,1,,,,,,
aacufer,ferrous fumarate,0,0,1,,,,,,
aadfer 1,ferrous fumarate,0,0,1,,,,,,
ferroess,ferrous fumarate,0,0,1,,,,,,
aadfer 3,ferrous gluconate,0,0,0,,,,,,
ferrodose-g,ferrous gluconate,0,0,0,,,,,,
ferrodose,ferrous sulfate,0,0,1,,,,,,
ferrotab,ferrous sulfate,0,0,1,,,,,,
ferrograd,ferrous sulfate,0,0,1,,,,,,
ferronorm,ferrous sulfate,0,0,1,,,,,,
ironorm,ferrous sulfate,0,0,1,,,,,,
ferrodose-s,ferrous sulfate,0,0,1,,,,,,
ferrograd,ferrous sulfate,0,0,1,,,,,,
ironorm,ferrous sulfate,0,0,1,,,,,,
fesoterodin,fesoterodine,0,0,0,,,,,,
toviaz,fesoterodine,0,0,0,,,,,,
fexofenadin,fexofenadine,0,0,0,,,,,,
telfast,fexofenadine,0,0,0,,,,,,
finasterid,finasteride,0,0,0,,,,,,
proscar,finasteride,0,0,0,,,,,,
urispas,flavoxate,0,0,0,,,,,,
flavoxat,flavoxate,0,0,0,,,,,,
flecainid,flecainide,0,0,0,,,,,,
flucloxacillin,flucloxacillin,0,0,0,,,,,,
diflucan,fluconazole,0,0,0,,,,,,
fludrocortison,fludrocortisone,0,0,0,,,,,,
flunitrazepam,flunitrazepame,0,0,0,,,,,,
rohypnol ,flunitrazepame,0,0,0,,,,,,
flunizepam,flunizepam,0,0,0,,,,,,
fluorometholon,fluorometholone,0,2,0,,,,,,
fml liquifilm,fluorometholone,0,2,0,,,,,,
olena,fluoxetine,0,0,0,,,,,,
prozac,fluoxetine,0,0,0,,,,,,
fluoxetin,fluoxetine,0,0,0,,,,,,
prozep,fluoxetine,0,0,0,,,,,,
fluoxetin,fluoxetine,0,0,0,,,,,,
depixol,flupentixol,0,0,0,,,,,,
psytixol,flupentixol,0,0,0,,,,,,
fluanxol,flupentixol,0,0,0,,,,,,
fluphenazin,fluphenazine,0,0,0,,,,,,
permitil,fluphenazine,0,0,0,,,,,,
prolixin,fluphenazine,0,0,0,,,,,,
modecate,fluphenazine,0,0,0,,,,,,
dalmane,flurazepam,0,0,0,,,,,,
flixotide,fluticasone,0,2,1,,,,,,
cutivate,fluticasone,0,2,1,,,,,,
avamys,fluticasone,0,2,1,,,,,,
nasofan,fluticasone,0,2,1,,,,,,
flixonase,fluticasone,0,2,1,,,,,,
dorisin,fluvastatin,0,0,0,,,,,,
nandovar,fluvastatin,0,0,0,,,,,,
faverin,fluvoxamine,0,0,0,,,,,,
fluvoxamin,fluvoxamine,0,0,0,,,,,,
folica,folic acid,0,0,1,,,,,,
valupak,folic acid,0,0,1,,,,,,
folisol,folic acid,0,0,1,,,,,,
lexpec,folic acid,0,0,1,,,,,,
eformoterol,formoterol,0,2,1,,,,,,
atimos,formoterol,0,2,1,,,,,,
foradil,formoterol,0,2,1,,,,,,
oxis 6,formoterol,0,2,1,,,,,,
oxis 12,formoterol,0,2,1,,,,,,
fosinopril,fosinopril,0,0,0,,,,,,
furosemid,furosemide,0,0,1,,,,,,
frusol,furosemide,0,0,1,,,,,,
diuresal,furosemide,0,0,1,,,,,,
frusemide,furosemide,0,0,1,,,,,,
fucidin,fusidic acid,0,0,1,,,,,,
fucithalmic,fusidic acid,0,0,1,,,,,,
sodium fusidate,fusidic acid,0,0,1,,,,,,
neurontin,gabapentin,0,0,0,,,,,,
gamma-linolenic,gamolenic acid,0,0,0,,,,,,
efamast,gamolenic acid,0,0,0,,,,,,
cidomycin,gentamicin,0,0,1,,,,,,
glibenclamid,glibenclamide,0,0,0,,,,,,
glyburide,glibenclamide,0,0,0,,,,,,
diabeta,glibenclamide,0,0,0,,,,,,
glynase,glibenclamide,0,0,0,,,,,,
micronase,glibenclamide,0,0,0,,,,,,
gliben-j,glibenclamide,0,0,0,,,,,,
daonil,glibenclamide,0,0,0,,,,,,
euglucon,glibenclamide,0,0,0,,,,,,
gilemal,glibenclamide,0,0,0,,,,,,
glidanil,glibenclamide,0,0,0,,,,,,
glybovin,glibenclamide,0,0,0,,,,,,
maninil,glibenclamide,0,0,0,,,,,,
semi-daonil,glibenclamide,0,0,0,,,,,,
gliclazid,gliclazide,0,0,0,,,,,,
zicron,gliclazide,0,0,0,,,,,,
diamicron,gliclazide,0,0,0,,,,,,
glydex,gliclazide,0,0,0,,,,,,
dacadis,gliclazide,0,0,0,,,,,,
edicil,gliclazide,0,0,0,,,,,,
lamzarin,gliclazide,0,0,0,,,,,,
nazdol,gliclazide,0,0,0,,,,,,
ziclaseg,gliclazide,0,0,0,,,,,,
laaglyda,gliclazide,0,0,0,,,,,,
glimepirid,glimepiride,0,0,0,,,,,,
glucosamin,glucosamine,0,0,0,,,,,,
gosa-s,glucosamine,0,0,0,,,,,,
gosaveg,glucosamine,0,0,0,,,,,,
juvela,gluten-free product,0,0,0,,,,,,
glutafin,gluten-free product,0,0,0,,,,,,
barkat,gluten-free product,0,0,0,,,,,,
lifestyle gluten free,gluten-free product,0,0,0,,,,,,
warburtons loaf,gluten-free product,0,0,0,,,,,,
lifestyle baguettes,gluten-free product,0,0,0,,,,,,
proceli,gluten-free product,0,0,0,,,,,,
warburtons baguettes,gluten-free product,0,0,0,,,,,,
finax flour,gluten-free product,0,0,0,,,,,,
pure flour,gluten-free product,0,0,0,,,,,,
tobia flour,gluten-free product,0,0,0,,,,,,
tritamyl flour,gluten-free product,0,0,0,,,,,,
innovatie solutions pure xanthan,gluten-free product,0,0,0,,,,,,
bialimenta pasta,gluten-free product,0,0,0,,,,,,
rizopia pasta,gluten-free product,0,0,0,,,,,,
ravicti,glycerol,0,0,1,,,,,,
glytrin,glyceryl trinitrate,0,0,0,,,,,,
nitrolingual,glyceryl trinitrate,0,0,0,,,,,,
nitronal,glyceryl trinitrate,0,0,0,,,,,,
deponit,glyceryl trinitrate,0,1,0,,,,,,
minitran,glyceryl trinitrate,0,1,0,,,,,,
transiderm,glyceryl trinitrate,0,1,0,,,,,,
rectogesic,glyceryl trinitrate,0,0,0,,,,,,
glycopyrrolate,glycopyrronium,0,0,1,,,,,,
seebri breezhaler,glycopyrronium,0,1,1,,,,,,
zoladex,goserelin,0,0,0,,,,,,
robitussin,guaifenesin,0,0,0,,,,,,
haldol ,haloperidol,0,0,0,,,,,,
halkid,haloperidol,0,0,0,,,,,,
avaxim,hepatitis a vaccine,0,0,0,,,,,,
havrix junior,hepatitis a vaccine,0,0,0,,,,,,
havrix monodose,hepatitis a vaccine,0,0,0,,,,,,
vaqta,hepatitis a vaccine,0,0,0,,,,,,
hepatyrix,hepatitis A with typhoid vaccine,0,0,0,,,,,,
viatim,hepatitis A with typhoid vaccine,0,0,0,,,,,,
engerix,hepatitis B vaccine,0,0,0,,,,,,
hepatitis b,hepatitis B vaccine,0,0,0,,,,,,
homatropin,homatropine,0,0,0,,,,,,
homoclonim,homochlorcyclizine,0,0,0,,,,,,
apo-hydralazine,hydralazine,0,0,0,,,,,,
apresoline,hydralazine,0,0,0,,,,,,
hydrocodon,hydrocodone,0,0,0,,,,,,
hc45,hydrocortisone,0,0,1,,,,,,
locoid,hydrocortisone,0,1,1,,,,,,
mildison,hydrocortisone,0,1,1,,,,,,
dermacort,hydrocortisone,0,1,1,,,,,,
hydventia,hydrocortisone,0,0,1,,,,,,
cobalin-h,hydroxocobalamin,0,0,0,,,,,,
hepavit,hydroxocobalamin,0,0,0,,,,,,
megamilbedoce,hydroxocobalamin,0,0,0,,,,,,
cyanokit,hydroxocobalamin,0,0,0,,,,,,
hydroxychloroquin,hydroxychloroquine,0,0,0,,,,,,
atarax,hydroxyzine,0,0,0,,,,,,
hydroxyzin,hydroxyzine,0,0,0,,,,,,
hyoscyamine,hyoscine butylbromide,0,0,0,,,,,,
butylscopolamine,hyoscine butylbromide,0,0,0,,,,,,
hyoscine butylbrom,hyoscine butylbromide,0,0,0,,,,,,
hyoscine butylbromid,hyoscine butylbromide,0,0,0,,,,,,
buscopan,hyoscine butylbromide,0,0,0,,,,,,
hyoscinehydrobromide,hyoscine hydrobromide,0,0,0,,,,,,
joy-rides,hyoscine hydrobromide,0,0,0,,,,,,
kwells,hyoscine hydrobromide,0,0,0,,,,,,
scopolamine,hyoscine hydrobromide,0,0,0,,,,,,
travel calm,hyoscine hydrobromide,0,0,0,,,,,,
hyoscyamin,hyoscyamine,0,0,0,,,,,,
l-hyoscyamine,hyoscyamine,0,0,0,,,,,,
hypromellos,hypromellose,0,2,1,,,,,,
hydromoor,hypromellose,0,2,1,,,,,,
aaculose,hypromellose,0,2,1,,,,,,
aapromel,hypromellose,0,2,1,,,,,,
lumecare hypromellose,hypromellose,0,2,1,,,,,,
mandanol eye drops,hypromellose,0,2,1,,,,,,
occu-lube,hypromellose,0,2,1,,,,,,
ocufresh 0.3,hypromellose,0,2,1,,,,,,
teardew,hypromellose,0,2,1,,,,,,
xailin hydrate,hypromellose,0,2,1,,,,,,
artelac 0.32,hypromellose,0,2,1,,,,,,
artelac single dose,hypromellose,0,2,1,,,,,,
bondronat,ibandronic acid,0,0,0,,,,,,
lasibon,ibandronic acid,0,0,0,,,,,,
bonviva,ibandronic acid,0,0,0,,,,,,
quodixor,ibandronic acid,0,0,0,,,,,,
feminax,ibuprofen,0,0,0,,,,,,
galpharm rapid,ibuprofen,0,0,0,,,,,,
nurofen,ibuprofen,0,0,0,,,,,,
brufen,ibuprofen,0,0,0,,,,,,
flarin,ibuprofen,0,0,0,,,,,,
galprofen,ibuprofen,0,0,0,,,,,,
calprofen,ibuprofen,0,0,0,,,,,,
fenbid,ibuprofen,0,0,0,,,,,,
ibugel,ibuprofen,0,1,0,,,,,,
ibuleve,ibuprofen,0,1,0,,,,,,
phorpain,ibuprofen,0,1,0,,,,,,
iloperidon,iloperidone,0,0,0,,,,,,
imidafenacin,imidafenacin,0,0,0,,,,,,
imipramin,imipramine,0,0,0,,,,,,
indapamid,indapamide,0,0,1,,,,,,
alkapamid,indapamide,0,0,1,,,,,,
cardide,indapamide,0,0,1,,,,,,
indipam,indapamide,0,0,1,,,,,,
lorvacs,indapamide,0,0,1,,,,,,
natrilix,indapamide,0,0,1,,,,,,
rawel,indapamide,0,0,1,,,,,,
tensaid,indapamide,0,0,1,,,,,,
indocid,indometacin,0,0,0,,,,,,
doralese,indoramin,0,0,0,,,,,,
supemtek qadrivalent,influenza vaccine,0,0,0,,,,,,
influvac,influenza vaccine,0,0,0,,,,,,
begrivac,influenza vaccine,0,0,0,,,,,,
imuvac,influenza vaccine,0,0,0,,,,,,
quadrivalent influenza,influenza vaccine,0,0,0,,,,,,
fluarix,influenza vaccine,0,0,0,,,,,,
enzira,influenza vaccine,0,0,0,,,,,,
fluenz tetra,influenza vaccine,0,0,0,,,,,,
influenza,influenza vaccine,0,0,0,,,,,,
lantus,insulin,0,0,1,,,,,,
abasaglar,insulin,0,0,1,,,,,,
hypodermic,insulin,0,0,1,,,,,,
mylife,insulin,0,0,1,,,,,,
semglee,insulin,0,0,1,,,,,,
toujeo,insulin,0,0,1,,,,,,
fiasp,insulin,0,0,1,,,,,,
novorapid,insulin,0,0,1,,,,,,
trurapi,insulin,0,0,1,,,,,,
humalog,insulin,0,0,1,,,,,,
humulin,insulin,0,0,1,,,,,,
hypurin,insulin,0,0,1,,,,,,
insulatard,insulin,0,0,1,,,,,,
insuman,insulin,0,0,1,,,,,,
mixtard,insulin,0,0,1,,,,,,
levemir,insulin,0,0,1,,,,,,
novomix,insulin,0,0,0,,,,,,
atrovent,ipratropium,0,2,1,,,,,,
inhalvent,ipratropium,0,2,1,,,,,,
ipravent,ipratropium,0,2,1,,,,,,
ifirmasta,irbesartan,0,0,1,,,,,,
aprovel,irbesartan,0,0,1,,,,,,
carmil x,isosorbide,0,0,0,,,,,,
chemydur,isosorbide,0,0,0,,,,,,
elantan,isosorbide,0,0,0,,,,,,
eumon,isosorbide,0,0,0,,,,,,
imdur,isosorbide,0,0,0,,,,,,
isib,isosorbide,0,0,0,,,,,,
ismo retard,isosorbide,0,0,0,,,,,,
isodur,isosorbide,0,0,0,,,,,,
isoket,isosorbide,0,0,0,,,,,,
isosorbide dinitrate,isosorbide,0,0,0,,,,,,
isosorbide mononitrate,isosorbide,0,0,0,,,,,,
isosorbidedinitrate,isosorbide,0,0,0,,,,,,
isosorbidemononitrate,isosorbide,0,0,0,,,,,,
isotard,isosorbide,0,0,0,,,,,,
modisal,isosorbide,0,0,0,,,,,,
monomax,isosorbide,0,0,0,,,,,,
monosorb,isosorbide,0,0,0,,,,,,
nyzamac,isosorbide,0,0,0,,,,,,
relosorb,isosorbide,0,0,0,,,,,,
tardisc,isosorbide,0,0,0,,,,,,
trangina,isosorbide,0,0,0,,,,,,
monomil,isosorbide,0,0,0,,,,,,
xismox,isosorbide,0,0,0,,,,,,
zemon,isosorbide,0,0,0,,,,,,
yourfibre,ispaghula,0,0,1,,,,,,
fybogel,ispaghula,0,0,1,,,,,,
ispagel,ispaghula,0,0,1,,,,,,
itraconazol,itraconazole,0,0,0,,,,,,
sporanox,itraconazole,0,0,0,,,,,,
sporanox-pulse,itraconazole,0,0,0,,,,,,
ivabradin,ivabradine,0,0,0,,,,,,
procoralan,ivabradine,0,0,0,,,,,,
ketalar,ketamine,0,0,0,,,,,,
ketamin,ketamine,0,0,0,,,,,,
ketoconazol,ketoconazole,0,0,0,,,,,,
nizoral,ketoconazole,0,0,0,,,,,,
dandrazol,ketoconazole,0,1,0,,,,,,
oruvail,ketoprofen,0,0,0,,,,,,
larafen,ketoprofen,0,0,0,,,,,,
tiloket,ketoprofen,0,1,0,,,,,,
acular,ketorolac,0,1,0,,,,,,
toradol,ketorolac,0,0,0,,,,,,
ketofall,ketotifen,0,0,0,,,,,,
zaditen,ketotifen,0,0,0,,,,,,
lacidipin,lacidipine,0,0,0,,,,,,
molap,lacidipine,0,0,0,,,,,,
motens,lacidipine,0,0,0,,,,,,
lactulose,lactulose,0,0,0,,,,,,
lamotrigin,lamotrigine,0,0,0,,,,,,
lamictal,lamotrigine,0,0,0,,,,,,
zoton,lansoprazole,0,0,0,,,,,,
lansoprazol,lansoprazole,0,0,0,,,,,,
medizol,latanoprost,0,2,1,,,,,,
monopost,latanoprost,0,2,1,,,,,,
xalatan,latanoprost,0,2,1,,,,,,
leflunomid,leflunomide,0,0,0,,,,,,
arava,leflunomide,0,0,0,,,,,,
lercanidipin,lercanidipine,0,0,0,,,,,,
zanidip,lercanidipine,0,0,0,,,,,,
letrozol,letrozole,0,0,0,,,,,,
femara,letrozole,0,0,0,,,,,,
keppra,levetiracetam,0,0,0,,,,,,
desitrend,levetiracetam,0,0,0,,,,,,
levocetirizin,levocetirizine,0,0,0,,,,,,
xyzal,levocetirizine,0,0,0,,,,,,
levodopa,levodopa,0,0,0,,,,,,
oftaquix,levofloxacin,0,1,0,,,,,,
eyflox,levofloxacin,0,1,0,,,,,,
evoxil,levofloxacin,0,0,0,,,,,,
quinsair,levofloxacin,0,0,0,,,,,,
levinan,levomepromazine,0,0,0,,,,,,
methotrimeprazine,levomepromazine,0,0,0,,,,,,
nozinan,levomepromazine,0,0,0,,,,,,
levothyroxin,levothyroxine,0,0,0,,,,,,
eltroxin,levothyroxine,0,0,0,,,,,,
tirosint,levothyroxine,0,0,0,,,,,,
lidocain,lidocaine,0,0,1,,,,,,
vagisil,lidocaine,0,1,0,,,,,,
lmx,lidocaine,0,1,0,,,,,,
stud,lidocaine,0,1,0,,,,,,
xylocaine 10,lidocaine,0,1,0,,,,,,
ralvo,lidocaine,0,1,0,,,,,,
versatis,lidocaine,0,1,0,,,,,,
trajenta,linagliptin,0,0,1,,,,,,
liothyronin,liothyronine,0,0,0,,,,,,
cytomel,liothyronine,0,0,0,,,,,,
liraglutid,liraglutide,0,0,1,,,,,,
saxenda,liraglutide,0,0,1,,,,,,
victoza,liraglutide,0,0,1,,,,,,
lisoretic,lisinopril,0,0,1,,,,,,
zestoretic,lisinopril,0,0,1,,,,,,
camcolit,lithium,0,0,0,,,,,,
priadel,lithium,0,0,0,,,,,,
liskonum,lithium,0,0,0,,,,,,
li-liquid,lithium,0,0,0,,,,,,
priadel,lithium,0,0,0,,,,,,
lofepramin,lofepramine,0,0,0,,,,,,
diah-limit,loperamide,0,0,1,,,,,,
dioraleze,loperamide,0,0,1,,,,,,
entrocalm,loperamide,0,0,1,,,,,,
imodium,loperamide,0,0,1,,,,,,
loperamid,loperamide,0,0,1,,,,,,
norimode,loperamide,0,0,1,,,,,,
numark diarrhoea relief,loperamide,0,0,1,,,,,,e
clarityn,loratadine,0,0,0,,,,,,
lorapaed allergy relief,loratadine,0,0,0,,,,,,
loratadin,loratadine,0,0,0,,,,,,
ativan,lorazepam,0,0,0,,,,,,
cozaar,losartan,0,0,1,,,,,,
adasuve,loxapine,0,2,0,,,,,,
lumiracoxib,lumiracoxib,0,0,0,,,,,,
lymecyclin,lymecycline,0,0,0,,,,,,
tetralysal,lymecycline,0,0,0,,,,,,
movicol,macrogel,0,0,0,,,,,,
laxido,macrogel,0,0,0,,,,,,
cosmocol,macrogel,0,0,0,,,,,,
molaxole,macrogel,0,0,0,,,,,,
transisoft,macrogol,0,0,1,,,,,,
maprotilin,maprotiline,0,0,0,,,,,,
mebeverin,mebeverine,0,0,1,,,,,,
colofac,mebeverine,0,0,1,,,,,,
aurobeverine,mebeverine,0,0,1,,,,,,
meclozine,meclizine,0,0,0,,,,,,
medroxyprogesteron,medroxyprogesterone,0,0,1,,,,,,
provera,medroxyprogesterone,0,0,1,,,,,,
climanor,medroxyprogesterone,0,0,1,,,,,,
depo-provera,medroxyprogesterone,0,0,1,,,,,,
sayana,medroxyprogesterone,0,0,1,,,,,,
ponstan,mefenamic acid,0,0,0,,,,,,
meloxicam,meloxicam,0,0,0,,,,,,
meptid,meptazinol,0,0,0,,,,,,
meptid,meptazinol,0,0,0,,,,,,
mequitazin,mequitazine,0,0,0,,,,,,
mesalazin,mesalazine,0,0,0,,,,,,
pentasa,mesalazine,0,0,0,,,,,,
mezavant,mesalazine,0,0,0,,,,,,
salofalk,mesalazine,0,0,0,,,,,,
asacol,mesalazine,0,0,0,,,,,,
octasa,mesalazine,0,0,0,,,,,,
zintasa,mesalazine,0,0,0,,,,,,
salcrozine,mesalazine,0,0,0,,,,,,
mesoridazin,mesoridazine,0,0,0,,,,,,
competact,metformin,0,0,1,,,,,,
axpinet,metformin,0,0,1,,,,,,
bolamyn,metformin,0,0,1,,,,,,
glucient,metformin,0,0,1,,,,,,
glucophage,metformin,0,0,1,,,,,,
diagemet,metformin,0,0,1,,,,,,
glucorex,metformin,0,0,1,,,,,,
metuxtan,metformin,0,0,1,,,,,,
meijumet,metformin,0,0,1,,,,,,
metabet,metformin,0,0,1,,,,,,
sukkarto,metformin,0,0,1,,,,,,
jesacrin,metformin,0,0,1,,,,,,
yaltormin,metformin,0,0,1,,,,,,
metharose,methadone,0,0,0,,,,,,
physeptone,methadone,0,0,0,,,,,,
robaxin,methocarbamol,0,0,0,,,,,,
methotrexat,methotrexate,0,0,0,,,,,,
maxtrex,methotrexate,0,0,0,,,,,,
jylamvo,methotrexate,0,0,0,,,,,,
nordimet,methotrexate,0,0,0,,,,,,
zlatal,methotrexate,0,0,0,,,,,,
methofil,methotrexate,0,0,0,,,,,,
metoject,methotrexate,0,0,0,,,,,,
depo-medrone,methylprednisolone,0,0,1,,,,,,
medrone,methylprednisolone,0,0,1,,,,,,
methylprednisolon,methylprednisolone,0,0,1,,,,,,
solu-medrone,methylprednisolone,0,0,1,,,,,,
methscopolamine,methylscopolamine,0,0,0,,,,,,
maxolon,metoclopramide,0,0,1,,,,,,
metoclopamid,metoclopramide,0,0,1,,,,,,
metoclopamide,metoclopramide,0,0,1,,,,,,
metoclopramid,metoclopramide,0,0,1,,,,,,
betaloc,metoprolol,0,0,0,,,,,,
metronidazol,metronidazole,0,0,0,,,,,,
flagyl,metronidazole,0,0,0,,,,,,
rozex,metronidazole,0,1,0,,,,,,
acea anabect,metronidazole,0,1,0,,,,,,
metrogel,metronidazole,0,1,0,,,,,,
metrosa,metronidazole,0,1,0,,,,,,
zidoval,metronidazole,0,1,0,,,,,,
miconazol,miconazole,0,0,1,,,,,,
daktarin,miconazole,0,0,1,,,,,,
buccolam,midazolam,0,0,0,,,,,,
epistatus,midazolam,0,0,0,,,,,,
hypnovel,midazolam,0,0,0,,,,,,
epistatus,midazolam,0,0,0,,,,,,
minocyclin,minocycline,0,0,0,,,,,,
acnamino,minocycline,0,0,0,,,,,,
minocin,minocycline,0,0,0,,,,,,
betmiga,mirabegron,0,0,0,,,,,,
zispin,mirtazapine,0,0,0,,,,,,
mirtazapin,mirtazapine,0,0,0,,,,,,
mirtazapin,mirtazapine,0,0,0,,,,,,
molindon,molindone,0,0,0,,,,,,
mometason,mometasone,0,2,1,,,,,,
asmanex,mometasone,0,2,1,,,,,,
elocon,mometasone,0,2,1,,,,,,
nasonex,mometasone,0,2,1,,,,,,
montelukast,montelukast,0,0,0,,,,,,
singulair,montelukast,0,0,0,,,,,,
mst,morphine,0,0,0,,,,,,
morphin,morphine,0,0,0,,,,,,
sevredol,morphine,0,0,0,,,,,,
actimorph,morphine,0,0,0,,,,,,
morphgesic,morphine,0,0,0,,,,,,
zomorph,morphine,0,0,0,,,,,,
mxl,morphine,0,0,0,,,,,,
oramorph,morphine,0,0,0,,,,,,
movelat,movelat,0,2,0,,,,,,
moxonidin,moxonidine,0,0,0,,,,,,
physiotens,moxonidine,0,0,0,,,,,,
bactroban,mupirocin,0,2,0,,,,,,
mycophenolat,mycophenolate,0,0,0,,,,,,
cellcept,mycophenolate,0,0,0,,,,,,
myfenax,mycophenolate,0,0,0,,,,,,
ceptava,mycophenolate,0,0,0,,,,,,
myfortic,mycophenolate,0,0,0,,,,,,
mycophenolic,mycophenolate,0,0,0,,,,,,
nabumeton,nabumetone,0,0,0,,,,,,
praxilene,naftidrofuryl,0,0,0,,,,,,
nalbuphin,nalbuphine,0,0,0,,,,,,
naprosyn,naproxen,0,0,1,,,,,,
nexocin,naproxen,0,0,1,,,,,,
naramig,naratriptan,0,0,0,,,,,,
nebilet,nebivolol,0,0,0,,,,,,
tilade,nedocromil,0,2,0,,,,,,
alocril,nedocromil,0,2,0,,,,,,
rapitil,nedocromil,0,2,0,,,,,,
nefazodon,nefazodone,0,0,0,,,,,,
nefopam,nefopam,0,0,0,,,,,,
neo-fradin,neomycin,0,0,1,,,,,,
ikorel,nicorandil,0,0,0,,,,,,
nicotin,nicotine,0,0,0,,,,,,
nicassist,nicotine,0,0,0,,,,,,
nicorette,nicotine,0,0,0,,,,,,
nicotinell,nicotine,0,0,0,,,,,,
niquitin,nicotine,0,0,0,,,,,,
adanif,nifedipine,0,0,1,,,,,,
adipine,nifedipine,0,0,1,,,,,,
coracten,nifedipine,0,0,1,,,,,,
fortipine,nifedipine,0,0,1,,,,,,
nidef,nifedipine,0,0,1,,,,,,
nifedipin,nifedipine,0,0,1,,,,,,
nifedipress,nifedipine,0,0,1,,,,,,
adalat,nifedipine,0,0,1,,,,,,
tensipine,nifedipine,0,0,1,,,,,,
valni,nifedipine,0,0,1,,,,,,
mogadon,nitrazepam,0,0,0,,,,,,
macrobid,nitrofurantoin,0,0,0,,,,,,
nizatidin,nizatidine,0,0,0,,,,,,
micronor,norethindrone,0,0,0,,,,,,
norethindron,norethindrone,0,0,0,,,,,,
aygestin,norethindrone,0,0,0,,,,,,
camila,norethindrone,0,0,0,,,,,,
errin,norethindrone,0,0,0,,,,,,
jolivette,norethindrone,0,0,0,,,,,,
nora-be,norethindrone,0,0,0,,,,,,
nor-qd,norethindrone,0,0,0,,,,,,
heather,norethindrone,0,0,0,,,,,,
jencycla,norethindrone,0,0,0,,,,,,
norlyroc,norethindrone,0,0,0,,,,,,
deblitane,norethindrone,0,0,0,,,,,,
sharobel,norethindrone,0,0,0,,,,,,
lyza,norethindrone,0,0,0,,,,,,
norlyda,norethindrone,0,0,0,,,,,,
tulana,norethindrone,0,0,0,,,,,,
incassia,norethindrone,0,0,0,,,,,,
lyleq,norethindrone,0,0,0,,,,,,
norethisteron,norethisterone,0,0,1,,,,,,
noriday,norethisterone,0,0,1,,,,,,
primolut,norethisterone,0,0,1,,,,,,
utovlan,norethisterone,0,0,1,,,,,,
noristerat,norethisterone,0,0,1,,,,,,
nortriptilin,nortriptyline,0,0,0,,,,,,
nortryptylin,nortriptyline,0,0,0,,,,,,
nortryptyline,nortriptyline,0,0,0,,,,,,
nystan,nystatin,0,0,1,,,,,,
olanzapin,olanzapine,0,0,0,,,,,,
zalasta,olanzapine,0,0,0,,,,,,
zyprexa,olanzapine,0,0,0,,,,,,
zypadhera,olanzapine,0,0,0,,,,,,
zalasta,olanzapine,0,0,0,,,,,,
zyprexa,olanzapine,0,0,0,,,,,,
zypadhera,olanzapine,0,0,0,,,,,,
olanzapin,olanzapine,0,0,0,,,,,,
arjun,olive oil,0,2,0,,,,,,
otadrop,olive oil,0,2,0,,,,,,
earol,olive oil,0,2,0,,,,,,
olmetec,olmesartan,0,0,1,,,,,,
a1 omega,omega-3,0,0,0,,,,,,
aceomeg,omega-3,0,0,0,,,,,,
eicosapentaenoic acid,omega-3,0,0,0,,,,,,
teromeg,omega-3,0,0,0,,,,,,
omacor,omega-3,0,0,0,,,,,,
losec,omeprazole,0,0,0,,,,,,
mezzopram,omeprazole,0,0,0,,,,,,
systane,ophthalmic lubricant,0,2,0,,,,,,
opipramol,opipramol,0,0,0,,,,,,
alli,orlistat,0,0,0,,,,,,
orlos,orlistat,0,0,0,,,,,,
xenical,orlistat,0,0,0,,,,,,
orphenadrin,orphenadrine,0,0,0,,,,,,
altraplen,other nutritional supplement,0,0,0,,,,,,
aymes,other nutritional supplement,0,0,0,,,,,,
energieshake,other nutritional supplement,0,0,0,,,,,,
ensure,other nutritional supplement,0,0,0,,,,,,
fortisip,other nutritional supplement,0,0,0,,,,,,
fresubin,other nutritional supplement,0,0,0,,,,,,
resource energy,other nutritional supplement,0,0,0,,,,,,
survimed,other nutritional supplement,0,0,0,,,,,,
otilonium,otilonium,0,0,0,,,,,,
ciclonium,oxapium,0,0,0,,,,,,
cyclonium,oxapium,0,0,0,,,,,,
oxazepam,oxazepam,0,0,0,,,,,,
oxcarbazepin,oxcarbazepine,0,0,0,,,,,,
trileptal,oxcarbazepine,0,0,0,,,,,,
oxybutynine,oxitropium,0,0,0,,,,,,
oxitropium,oxitropium,0,0,0,,,,,,
cystrin,oxybutynin,0,0,0,,,,,,
ditropan,oxybutynin,0,0,0,,,,,,
kentera,oxybutynin,0,1,0,,,,,,
lyrinel,oxybutynin,0,0,0,,,,,,
oxybutinin,oxybutynin,0,0,0,,,,,,
oxybutinine,oxybutynin,0,0,0,,,,,,
abtard,oxycodone,0,0,1,,,,,,
carexil,oxycodone,0,0,1,,,,,,
ixyldone,oxycodone,0,0,1,,,,,,
leveraxo,oxycodone,0,0,1,,,,,,
longtec,oxycodone,0,0,1,,,,,,
lynlor,oxycodone,0,0,1,,,,,,
onexila,oxycodone,0,0,1,,,,,,
oxeltra,oxycodone,0,0,1,,,,,,
oxycodon,oxycodone,0,0,1,,,,,,
oxycontin,oxycodone,0,0,1,,,,,,
oxylan,oxycodone,0,0,1,,,,,,
oxynorm,oxycodone,0,0,1,,,,,,
oxypro,oxycodone,0,0,1,,,,,,
relteborn,oxycodone,0,0,1,,,,,,
renocontin,oxycodone,0,0,1,,,,,,
shortec,oxycodone,0,0,1,,,,,,
oxytetracyclin,oxytetracycline,0,0,1,,,,,,
invega,paliperidone,0,0,0,,,,,,
paliperidon,paliperidone,0,0,0,,,,,,
trevicta,paliperidone,0,0,0,,,,,,
xeplion,paliperidone,0,0,0,,,,,,
pancrex,pancreatin,0,0,0,,,,,,
creon,pancreatin,0,0,0,,,,,,
nutrizym,pancreatin,0,0,0,,,,,,
pancrease,pancreatin,0,0,0,,,,,,
pancuronium,pancuronium,0,0,0,,,,,,
pantoprazol,pantoprazole,0,0,0,,,,,,
protium,pantoprazole,0,0,0,,,,,,
mandanol 500mg,paracetamol,0,0,1,,,,,,
paravict,paracetamol,0,0,1,,,,,,
altridexamol,paracetamol,0,0,1,,,,,,
calpol,paracetamol,0,0,1,,,,,,
alvedon,paracetamol,0,0,1,,,,,,
boots cold & flu relief,paracetamol,0,0,1,,,,,,
acetominophen,paracetamol,0,0,1,,,,,,
hedex,paracetamol,0,0,1,,,,,,
panadol,paracetamol,0,0,1,,,,,,
boots pain relief,paracetamol,0,0,1,,,,,,
junior parapaed,paracetamol,0,0,1,,,,,,
perfalgan,paracetamol,0,0,1,,,,,,
value health cold relief,paracetamol,0,0,1,,,,,,
e45 lotion,paraffin-containing cream,0,2,0,,,,,,
qv,paraffin-containing cream,0,2,0,,,,,,
aquamax,paraffin-containing cream,0,2,0,,,,,,
epaderm,paraffin-containing cream,0,2,0,,,,,,
epimax,paraffin-containing cream,0,2,0,,,,,,
lipobase,paraffin-containing cream,0,2,0,,,,,,
ultrabase,paraffin-containing cream,0,2,0,,,,,,
unguentum,paraffin-containing cream,0,2,0,,,,,,
zeroaqs,paraffin-containing cream,0,2,0,,,,,,
zaroguent,paraffin-containing cream,0,2,0,,,,,,
hydromol 2.5,paraffin-containing cream,0,2,0,,,,,,
hydromol oint,paraffin-containing cream,0,2,0,,,,,,
exmaqs,paraffin-containing cream,0,2,0,,,,,,
exmalatum,paraffin-containing cream,0,2,0,,,,,,
oilatum,paraffin-containing cream,0,2,0,,,,,,
cetraben,paraffin-containing cream,0,2,0,,,,,,
enopen,paraffin-containing cream,0,2,0,,,,,,
epimax,paraffin-containing cream,0,2,0,,,,,,
exmaben,paraffin-containing cream,0,2,0,,,,,,
soffen,paraffin-containing cream,0,2,0,,,,,,
zerocream,paraffin-containing cream,0,2,0,,,,,,
aquaderm,paraffin-containing cream,0,2,0,,,,,,
hydrous ointment,paraffin-containing cream,0,2,0,,,,,,
emelpin,paraffin-containing cream,0,2,0,,,,,,
thirty:30,paraffin-containing cream,0,2,0,,,,,,
bell's emollient,paraffin-containing cream,0,2,0,,,,,,
emulsifying,paraffin-containing cream,0,2,0,,,,,,
diprobase,paraffin-containing cream,0,2,0,,,,,,
emulsifess,paraffin-containing cream,0,2,0,,,,,,
fifty:50,paraffin-containing cream,0,2,0,,,,,,
kreamoint,paraffin-containing cream,0,2,0,,,,,,
ovelle petroleum,paraffin-containing cream,0,2,0,,,,,,
ovelle emulsifying,paraffin-containing cream,0,2,0,,,,,,
pure health liquid paraffin,paraffin-containing cream,0,2,0,,,,,,
vaseline pure,paraffin-containing cream,0,2,0,,,,,,
white soft paraffin,paraffin-containing cream,0,2,0,,,,,,
yellow soft paraffin,paraffin-containing cream,0,2,0,,,,,,
aproderm,paraffin-containing cream,0,2,0,,,,,,
doublebase,paraffin-containing cream,0,2,0,,,,,,
epimax,paraffin-containing cream,0,2,0,,,,,,
exmabase,paraffin-containing cream,0,2,0,,,,,,
zerobase,paraffin-containing cream,0,2,0,,,,,,
hypobase,paraffin-containing cream,0,2,0,,,,,,
myribase,paraffin-containing cream,0,2,0,,,,,,
zerodouble,paraffin-containing cream,0,2,0,,,,,,
emollinadex,paraffin-containing cream,0,2,0,,,,,,
aqueous cream,paraffin-containing cream,0,2,0,,,,,,
seroxat,paroxetine,0,0,0,,,,,,
paroxetin,paroxetine,0,0,0,,,,,,
penicillin,penicillin,0,0,1,,,,,,
colpermin,peppermint oil,0,0,0,,,,,,
buscomint,peppermint oil,0,0,0,,,,,,
colomint,peppermint oil,0,0,0,,,,,,
mintec,peppermint oil,0,0,0,,,,,,
pepperminn,peppermint oil,0,0,0,,,,,,
periciazin,pericyazine,0,0,0,,,,,,
periciazine,pericyazine,0,0,0,,,,,,
pericyazin,pericyazine,0,0,0,,,,,,
propericiazin,pericyazine,0,0,0,,,,,,
propericiazine,pericyazine,0,0,0,,,,,,
perindopril,perindopril,0,0,1,,,,,,
coversyl,perindopril,0,0,1,,,,,,
perphenazin,perphenazine,0,0,0,,,,,,
meperidine,pethidine,0,0,0,,,,,,
pethidine hydrochloride,pethidine,0,0,0,,,,,,
nardil,phenelzine,0,0,0,,,,,,
phenelzin,phenelzine,0,0,0,,,,,,
phenidamin,phenindamine,0,0,0,,,,,,
pheniramin,pheniramine,0,0,0,,,,,,
phenobarb,phenobarbital,0,0,0,,,,,,
phenobarbitalital,phenobarbital,0,0,0,,,,,,
phenobarbitol,phenobarbital,0,0,0,,,,,,
phenobarbitone ,phenobarbital,0,0,0,,,,,,
phenoxymethylpenicillin,phenoxymethylpenicillin,0,0,0,,,,,,
phynyltoloxamine,phenyltoloxamine,0,0,0,,,,,,
dilantin,phenytoin,0,0,0,,,,,,
epanutin,phenytoin,0,0,0,,,,,,
pholcodin,pholcodine,0,0,0,,,,,,
galenphol,pholcodine,0,0,0,,,,,,
covonia dry cough,pholcodine,0,0,0,,,,,,
hil's balsam dry,pholcodine,0,0,0,,,,,,
orap,pimozide,0,0,0,,,,,,
pimozid,pimozide,0,0,0,,,,,,
pioglitazon,pioglitazone,0,0,1,,,,,,
actos,pioglitazone,0,0,1,,,,,,
piperacillin,piperacillin,0,0,0,,,,,,
pipothiazine,pipotiazine,0,0,0,,,,,,
piprinhydrinat,piprinhydrinate,0,0,0,,,,,,
feldene,piroxicam,0,0,0,,,,,,
sanomigran,pizotifen,0,0,0,,,,,,
pneumovax,pneumococcal polysaccharide vaccine ,0,0,0,,,,,,
liquifilm tears,polyvinyl alcohol,0,2,0,,,,,,
refresh,polyvinyl alcohol,0,2,0,,,,,,
sno tears,polyvinyl alcohol,0,2,0,,,,,,
mirapexin,pramipexole,0,0,0,,,,,,
oprymea,pramipexole,0,0,0,,,,,,
pipexus,pramipexole,0,0,0,,,,,,
pramipexol,pramipexole,0,0,0,,,,,,
pravastatin,pravastatin,0,0,0,,,,,,
hypovase,prazosin,0,0,0,,,,,,
minipress,prazosin,0,0,0,,,,,,
prednisolon,prednisolone,0,0,1,,,,,,
prednisone,prednisolone,0,0,1,,,,,,
dilacort,prednisolone,0,0,1,,,,,,
pred forte,prednisolone,0,1,1,,,,,,
deltacortril,prednisolone,0,0,1,,,,,,
deltastab,prednisolone,0,0,1,,,,,,
dilacort,prednisolone,0,0,1,,,,,,
pevanti,prednisolone,0,0,1,,,,,,
pred forte,prednisolone,0,1,1,,,,,,
deltasone,prednisone,0,0,0,,,,,,
orasone,prednisone,0,0,0,,,,,,
prednison,prednisone,0,0,0,,,,,,
pregabaline,pregabalin,0,0,0,,,,,,
alzain,pregabalin,0,0,0,,,,,,
axalid,pregabalin,0,0,0,,,,,,
lyrica,pregabalin,0,0,0,,,,,,
myopridin,pridinol,0,0,0,,,,,,
primidon,primidone,0,0,0,,,,,,
liskantin,primidone,0,0,0,,,,,,
procainamid,procainamide,0,0,0,,,,,,
buccastem,prochlorperazine,0,0,0,,,,,,
prochlorperazin,prochlorperazine,0,0,0,,,,,,
stemetil,prochlorperazine,0,0,0,,,,,,
kemadrin,procyclidine,0,0,0,,,,,,
procyclidin,procyclidine,0,0,0,,,,,,
progesteron,progesterone,0,0,0,,,,,,
utrogestan,progesterone,0,0,0,,,,,,
lubion,progesterone,0,0,0,,,,,,
prontogest,progesterone,0,0,0,,,,,,
lutigest,progesterone,0,0,0,,,,,,
cyclogest,progesterone,0,0,0,,,,,,
crinone,progesterone,0,1,0,,,,,,
promazin,promazine,0,0,0,,,,,,
phenargan,promethazine,0,0,0,,,,,,
avomine,promethazine,0,0,0,,,,,,
vertigon,promethazine,0,0,0,,,,,,
promethazin,promethazine,0,0,0,,,,,,
sominex,promethazine,0,0,0,,,,,,
pro-banthine,propantheline,0,0,0,,,,,,
propentheline,propantheline,0,0,0,,,,,,
detrunorm,propiverine,0,0,0,,,,,,
propiverin,propiverine,0,0,0,,,,,,
propoxyphen,propoxyphene,0,0,0,,,,,,
bedranol,propranolol,0,0,0,,,,,,
inderal,propranolol,0,0,0,,,,,,
beta-prograne,propranolol,0,0,0,,,,,,
protryptylin,protriptyline,0,0,0,,,,,,
protryptyline,protriptyline,0,0,0,,,,,,
protyptylin,protriptyline,0,0,0,,,,,,
protyptyline,protriptyline,0,0,0,,,,,,
galpseud,pseudoephedrine,0,0,0,,,,,,
sudafed,pseudoephedrine,0,0,0,,,,,,
pyridoxin,pyridoxine,0,0,1,,,,,,
b6,pyridoxine,0,0,1,,,,,,
pyridose,pyridoxine,0,0,1,,,,,,
pyrid,pyridoxine,0,0,1,,,,,,
pyridoxess,pyridoxine,0,0,1,,,,,,
apyrid,pyridoxine,0,0,1,,,,,,
mepiramine,pyrilamine,0,0,0,,,,,,
mepyramin,pyrilamine,0,0,0,,,,,,
mepyramine,pyrilamine,0,0,0,,,,,,
pyrilamin,pyrilamine,0,0,0,,,,,,
atrolak,quetiapine,0,0,0,,,,,,
biquelle,quetiapine,0,0,0,,,,,,
brancico,quetiapine,0,0,0,,,,,,
mintreleq,quetiapine,0,0,0,,,,,,
quetiapin,quetiapine,0,0,0,,,,,,
seroquel,quetiapine,0,0,0,,,,,,
sondate,quetiapine,0,0,0,,,,,,
zaluron,quetiapine,0,0,0,,,,,,
accupro,quinapril,0,0,1,,,,,,
quinidin,quinidine,0,0,0,,,,,,
quinin,quinine,0,0,0,,,,,,
rabeprazol,rabeprazole,0,0,0,,,,,,
pariet,rabeprazole,0,0,0,,,,,,
raloxifen,raloxifene,0,0,0,,,,,,
tritace,ramipril,0,0,1,,,,,,
gavilast,ranitidine,0,0,0,,,,,,
zantac,ranitidine,0,0,0,,,,,,
ranicalm,ranitidine,0,0,0,,,,,,
ranitidin,ranitidine,0,0,0,,,,,,
rasagilin,rasagiline,0,0,0,,,,,,
azilect,rasagiline,0,0,0,,,,,,
edronax,reboxetine,0,0,0,,,,,,
reboxetin,reboxetine,0,0,0,,,,,,
actonel,risedronate,0,0,1,,,,,,
risedronat,risedronate,0,0,1,,,,,,
risperdal,risperidone,0,0,0,,,,,,
risperidon,risperidone,0,0,0,,,,,,
xarelto,rivaroxaban,0,0,0,,,,,,
maxalt,rizatriptan,0,0,0,,,,,,
vioxx,rofecoxib,0,0,0,,,,,,
ceoxx,rofecoxib,0,0,0,,,,,,
ceeoxx,rofecoxib,0,0,0,,,,,,
refecoxib,rofecoxib,0,0,0,,,,,,
ropinirol,ropinirole,0,0,0,,,,,,
adartrel,ropinirole,0,0,0,,,,,,
requip,ropinirole,0,0,0,,,,,,
ipinnia,ropinirole,0,0,0,,,,,,
ralnea,ropinirole,0,0,0,,,,,,
raponer,ropinirole,0,0,0,,,,,,
repinex,ropinirole,0,0,0,,,,,,
ropiqual,ropinirole,0,0,0,,,,,,
rosiglitazon,rosiglitazone,0,0,0,,,,,,
avandia,rosiglitazone,0,0,0,,,,,,
crestor,rosuvastatin,0,0,0,,,,,,
neupro,rotigotine,0,0,0,,,,,,
rotigotin,rotigotine,0,0,0,,,,,,
ventolin,salbutamol,0,0,1,,,,,,
airomir,salbutamol,0,0,1,,,,,,
salamol,salbutamol,0,0,1,,,,,,
salbulin,salbutamol,0,0,1,,,,,,
sodium salicylate,salicylic acid,0,2,1,,,,,,
occlusal,salicylic acid,0,2,1,,,,,,
neovent,salmeterol,0,2,1,,,,,,
serevent,salmeterol,0,2,1,,,,,,
soltel,salmeterol,0,2,1,,,,,,
scopolia,scopolia,0,0,0,,,,,,
eldepryl,selegiline,0,0,0,,,,,,
selegilin,selegiline,0,0,0,,,,,,
zelapar,selegiline,0,0,0,,,,,,
senease,senna,0,0,1,,,,,,
senokot,senna,0,0,1,,,,,,
serdolect,sertindole,0,0,0,,,,,,
sertindol,sertindole,0,0,0,,,,,,
sertralin,sertraline,0,0,0,,,,,,
contulen,sertraline,0,0,0,,,,,,
lustral,sertraline,0,0,0,,,,,,
sibutramin,sibutramine,0,0,0,,,,,,
reductil,sibutramine,0,0,0,,,,,,
meridia,sibutramine,0,0,0,,,,,,
granpidam,sildenafil,0,0,0,,,,,,
revatio,sildenafil,0,0,0,,,,,,
viagra,sildenafil,0,0,0,,,,,,
vizarsin,sildenafil,0,0,0,,,,,,
simple linc,simple linctus,0,0,0,,,,,,
sugar free linctus,simple linctus,0,0,0,,,,,,
simple sf linc,simple linctus,0,0,0,,,,,,
simple linct,simple linctus,0,0,0,,,,,,
simple sf linct,simple linctus,0,0,0,,,,,,
linctus bp,simple linctus,0,0,0,,,,,,
zocor,simvastatin,0,0,1,,,,,,
simvador,simvastatin,0,0,1,,,,,,
januvia,sitagliptin,0,0,1,,,,,,
bicarb,sodium bicarbonate,0,0,1,,,,,,
esscarb,sodium bicarbonate,0,0,1,,,,,,
s-carb,sodium bicarbonate,0,0,1,,,,,,
sodium bicarbonat,sodium bicarbonate,0,0,1,,,,,,
nephotrans,sodium bicarbonate,0,0,1,,,,,,
children's 1 month plus gripe,sodium bicarbonate,0,0,1,,,,,,
s-bicarb,sodium bicarbonate,0,0,1,,,,,,
sodibic,sodium bicarbonate,0,0,1,,,,,,
thamicarb,sodium bicarbonate,0,0,1,,,,,,
kliarvax,sodium bicarbonate,0,1,1,,,,,,
saline 0.9,sodium chloride,0,1,1,,,,,,
sterimar,sodium chloride,0,1,1,,,,,,
saline sterip,sodium chloride,0,1,1,,,,,,
sodieye,sodium chloride,0,1,1,,,,,,
minims saline 0.9,sodium chloride,0,1,1,,,,,,
aeon 5,sodium chloride,0,1,1,,,,,,
hypersal 5,sodium chloride,0,1,1,,,,,,
nacl 5,sodium chloride,0,1,1,,,,,,
odm5,sodium chloride,0,1,1,,,,,,
pf drops,sodium chloride,0,1,1,,,,,,
mandanol 0.9,sodium chloride,0,1,1,,,,,,
nasosal,sodium chloride,0,1,1,,,,,,
loron,sodium clodronate,0,0,0,,,,,,
clasteon,sodium clodronate,0,0,0,,,,,,
sodium clodronat,sodium clodronate,0,0,0,,,,,,
nalcrom,sodium cromoglicate,0,0,0,,,,,,
catacrom,sodium cromoglicate,0,1,0,,,,,,
eycrom,sodium cromoglicate,0,1,0,,,,,,
opticrom,sodium cromoglicate,0,1,0,,,,,,
vividrin,sodium cromoglicate,0,1,0,,,,,,
colgate duraphat,sodium fluoride,0,1,0,,,,,,
fluoritop,sodium fluoride,0,1,0,,,,,,
colgate fluorigard,sodium fluoride,0,1,0,,,,,,
endekay,sodium fluoride,0,1,0,,,,,,
viscoteras HA,sodium hyaluronate,0,1,1,,,,,,
aaqeye ha,sodium hyaluronate,0,1,1,,,,,,
aeon protect,sodium hyaluronate,0,1,1,,,,,,
aeon repair,sodium hyaluronate,0,1,1,,,,,,
aeon rebalance,sodium hyaluronate,0,1,1,,,,,,
artelac splash,sodium hyaluronate,0,1,1,,,,,,
blink intensive,sodium hyaluronate,0,1,1,,,,,,
clinoptic,sodium hyaluronate,0,1,1,,,,,,
clinitas 0.2,sodium hyaluronate,0,1,1,,,,,,
clinitas 0.4,sodium hyaluronate,0,1,1,,,,,,
clinitas multi,sodium hyaluronate,0,1,1,,,,,,
evolve ha,sodium hyaluronate,0,1,1,,,,,,
ayeaze,sodium hyaluronate,0,1,1,,,,,,
eyezin,sodium hyaluronate,0,1,1,,,,,,
hy-opti,sodium hyaluronate,0,1,1,,,,,,
hyabak,sodium hyaluronate,0,1,1,,,,,,
hycosan,sodium hyaluronate,0,1,1,,,,,,
hydramed,sodium hyaluronate,0,1,1,,,,,,
hylo comod,sodium hyaluronate,0,1,1,,,,,,
hylo-forte,sodium hyaluronate,0,1,1,,,,,,
hylo-fresh,sodium hyaluronate,0,1,1,,,,,,
hylo-tear,sodium hyaluronate,0,1,1,,,,,,
ocu-lube ha,sodium hyaluronate,0,1,1,,,,,,
ocusan,sodium hyaluronate,0,1,1,,,,,,
oftaox,sodium hyaluronate,0,1,1,,,,,,
optive fusion,sodium hyaluronate,0,1,1,,,,,,
oxyal,sodium hyaluronate,0,1,1,,,,,,
vizhyal,sodium hyaluronate,0,1,1,,,,,,
vismed 0.18,sodium hyaluronate,0,1,1,,,,,,
visuxl eye drops,sodium hyaluronate,0,1,1,,,,,,
xailin HA,sodium hyaluronate,0,1,1,,,,,,
dulcolax pico,sodium picosulfate,0,0,1,,,,,,
dyzantil,sodium valproate,0,0,0,,,,,,
epilim,sodium valproate,0,0,0,,,,,,
epival,sodium valproate,0,0,0,,,,,,
valproate,sodium valproate,0,0,0,,,,,,
episenta,sodium valproate,0,0,0,,,,,,
depakin,sodium valproate,0,0,0,,,,,,
valproate,sodium valproate,0,0,0,,,,,,
solifenacine,solifenacin,0,0,1,,,,,,
vesicare,solifenacin,0,0,1,,,,,,
sotalol,sotalol,0,0,0,,,,,,
spironolacton,spironolactone,0,0,1,,,,,,
aldactone,spironolactone,0,0,1,,,,,,
strontium,strontium,0,0,0,,,,,,
sulfasalazin,sulfasalazine,0,0,0,,,,,,
salazopyrin,sulfasalazine,0,0,0,,,,,,
imigran,sumatriptan,0,0,0,,,,,,
migraitan,sumatriptan,0,0,0,,,,,,
imigran,sumatriptan,0,0,0,,,,,,
envarsus,tacrolimus,0,0,0,,,,,,
adoport,tacrolimus,0,0,0,,,,,,
prograf,tacrolimus,0,0,0,,,,,,
dailiport,tacrolimus,0,0,0,,,,,,
advagraf,tacrolimus,0,0,0,,,,,,
modigraf,tacrolimus,0,0,0,,,,,,
protopic,tacrolimus,0,1,0,,,,,,
cialis,tadalafil,0,0,0,,,,,,
adcirca,tadalafil,0,0,0,,,,,,
talmanco,tadalafil,0,0,0,,,,,,
tamoxifen,tamoxifen,0,0,0,,,,,,
cositam,tamsulosin,0,0,1,,,,,,
faramsil,tamsulosin,0,0,1,,,,,,
flomaxtra,tamsulosin,0,0,1,,,,,,
contiflo,tamsulosin,0,0,1,,,,,,
omsula,tamsulosin,0,0,1,,,,,,
pamsvax,tamsulosin,0,0,1,,,,,,
tabphyn,tamsulosin,0,0,1,,,,,,
tamfrex,tamsulosin,0,0,1,,,,,,
tamsumac,tamsulosin,0,0,1,,,,,,
micardis,telmisartan,0,0,1,,,,,,
tolura,telmisartan,0,0,1,,,,,,
temazepam,temazepam,0,0,0,,,,,,
hytrin,terazosin,0,0,0,,,,,,
tarbinafin,terbinafine,0,0,0,,,,,,
lamisil,terbinafine,0,0,0,,,,,,
bricanyl,terbutaline,0,0,0,,,,,,
terbutalin,terbutaline,0,0,0,,,,,,
terfenadin,terfenadine,0,0,0,,,,,,
seldane,terfenadine,0,0,0,,,,,,
triludan,terfenadine,0,0,0,,,,,,
teldane,terfenadine,0,0,0,,,,,,
testogel,testosterone,0,1,0,,,,,,
testim,testosterone,0,1,0,,,,,,
testavan,testosterone,0,1,0,,,,,,
tostran,testosterone,0,1,0,,,,,,
testosteron,testosterone,0,0,0,,,,,,
sustanon,testosterone,0,0,0,,,,,,
nebido,testosterone,0,0,0,,,,,,
tetavax,tetanus vaccine,0,0,0,,,,,,
tetanus,tetanus vaccine,0,0,0,,,,,,
theo-24,theophylline,0,0,0,,,,,,
theophyllin,theophylline,0,0,0,,,,,,
uniphyllin,theophylline,0,0,0,,,,,,
thiamin,thiamine,0,0,0,,,,,,
athiam,thiamine,0,0,0,,,,,,
thiadose,thiamine,0,0,0,,,,,,
thiamess,thiamine,0,0,0,,,,,,
healthaid vitamin b1,thiamine,0,0,0,,,,,,
thioridazin,thioridazine,0,0,0,,,,,,
tiotixene ,thiothixene,0,0,0,,,,,,
vivotif,thyphoid vaccine,0,0,0,,,,,,
typhim,thyphoid vaccine,0,0,0,,,,,,
thyroxin,thyroxine,0,0,0,,,,,,
gabitril,tiagabine,0,0,0,,,,,,
tiagabin,tiagabine,0,0,0,,,,,,
tibolon,tibolone,0,0,0,,,,,,
livial,tibolone,0,0,0,,,,,,
brilique,ticagrelor,0,0,0,,,,,,
tiemonium,tiemonium,0,0,0,,,,,,
timepidium,timepidium,0,0,0,,,,,,
tiopex,timolol,0,1,1,,,,,,
eysano,timolol,0,1,1,,,,,,
timoptol,timolol,0,1,1,,,,,,
tioconazol,tioconazole,0,2,0,,,,,,
trosyl,tioconazole,0,2,0,,,,,,
braltus,tiotropium,0,2,1,,,,,,
spiriva,tiotropium,0,2,1,,,,,,
tiquizium,tiquizium,0,0,0,,,,,,
tizanidin,tizanidine,0,0,0,,,,,,
bramitob,tobramycin,0,1,1,,,,,,
munuza,tobramycin,0,1,1,,,,,,
nebcin,tobramycin,0,0,1,,,,,,
tobi,tobramycin,0,1,1,,,,,,
tymbrineb,tobramycin,0,1,1,,,,,,
vantobra,tobramycin,0,1,1,,,,,,
blerone,tolterodine,0,0,0,,,,,,
detrusitol,tolterodine,0,0,0,,,,,,
mariosea,tolterodine,0,0,0,,,,,,
neditol,tolterodine,0,0,0,,,,,,
preblacon,tolterodine,0,0,0,,,,,,
santizor,tolterodine,0,0,0,,,,,,
tolterodin,tolterodine,0,0,0,,,,,,
tolthen,tolterodine,0,0,0,,,,,,
topamax,topiramate,0,0,0,,,,,,
topiramat,topiramate,0,0,0,,,,,,
invodol,tramadol,0,0,1,,,,,,
mabron,tramadol,0,0,1,,,,,,
maneo,tramadol,0,0,1,,,,,,
marol,tramadol,0,0,1,,,,,,
maxitram,tramadol,0,0,1,,,,,,
tilodol,tramadol,0,0,1,,,,,,
tradorec,tramadol,0,0,1,,,,,,
tramquel,tramadol,0,0,1,,,,,,
zamadol,tramadol,0,0,1,,,,,,
brimisol,tramadol,0,0,1,,,,,,
tramulief,tramadol,0,0,1,,,,,,
zydol,tramadol,0,0,1,,,,,,
trandolapril,trandolapril,0,0,0,,,,,,
cyklokapron,tranexamic acid,0,0,0,,,,,,
tranylcypromin,tranylcypromine,0,0,0,,,,,,
travatan,travoprost,0,0,1,,,,,,
visutrax,travoprost,0,0,1,,,,,,
molipaxin,trazodone,0,0,0,,,,,,
trazodon,trazodone,0,0,0,,,,,,
adcortyl,triamcinolone,0,0,0,,,,,,
nasacort,triamcinolone,0,1,0,,,,,,
kenalog,triamcinolone,0,0,0,,,,,,
triamcinolon,triamcinolone,0,0,0,,,,,,
triamteren,triamterene,0,0,0,,,,,,
triazolam,triazolam,0,0,0,,,,,,
trifluoperazin,trifluoperazine,0,0,0,,,,,,
triflupromazin,triflupromazine,0,0,0,,,,,,
benzhexol,trihexyphenidyl,0,0,0,,,,,,
trihexyphenidryl,trihexyphenidyl,0,0,0,,,,,,
trimebutin,trimebutine,0,0,0,,,,,,
trimethobenzamid,trimethobenzamide,0,0,0,,,,,,
trimetoprim,trimethoprim,0,0,0,,,,,,
trimipramin,trimipramine,0,0,0,,,,,,
triprolidin,triprolidine,0,0,0,,,,,,
tropatepin,tropatepine,0,0,0,,,,,,
flotros,trospium,0,0,0,,,,,,
regurin,trospium,0,0,0,,,,,,
uraplex,trospium,0,0,0,,,,,,
urea 5,urea-containing emollients,0,2,0,,,,,,
urea 10,urea-containing emollients,0,2,0,,,,,,
urea 25,urea-containing emollients,0,2,0,,,,,,
urea cream,urea-containing emollients,0,2,0,,,,,,
balneum,urea-containing emollients,0,2,0,,,,,,
e45 itch relief,urea-containing emollients,0,2,0,,,,,,
calmurid,urea-containing emollients,0,2,0,,,,,,
aquadrate 10,urea-containing emollients,0,2,0,,,,,,
eucerin intensive,urea-containing emollients,0,2,0,,,,,,
flexitol,urea-containing emollients,0,2,0,,,,,,
hydromol intensive,urea-containing emollients,0,2,0,,,,,,
udrate,urea-containing emollients,0,2,0,,,,,,
destolit,ursodeoxycholic acid,0,0,0,,,,,,
cholurso,ursodeoxycholic acid,0,0,0,,,,,,
ursofalk,ursodeoxycholic acid,0,0,0,,,,,,
ursonorm,ursodeoxycholic acid,0,0,0,,,,,,
replensmd,vaginal moisturiser,0,2,0,,,,,,
valethamat,valethamate,0,0,0,,,,,,
depakote,valproic acid,0,0,0,,,,,,
divalproex,valproic acid,0,0,0,,,,,,
belvo,valproic acid,0,0,0,,,,,,
syonell,valproic acid,0,0,0,,,,,,
convulex,valproic acid,0,0,0,,,,,,
diovan,valsartan,0,0,1,,,,,,
vancocin,vancomycin,0,0,0,,,,,,
vardenafil,vardenafil,0,0,0,,,,,,
levitra,vardenafil,0,0,0,,,,,,
vareniclin,varenicline,0,0,0,,,,,,
chantix,varenicline,0,0,0,,,,,,
champix,varenicline,0,0,0,,,,,,
tyrvaya,varenicline,0,0,0,,,,,,
depefex,venlafaxine,0,0,0,,,,,,
tonpular,venlafaxine,0,0,0,,,,,,
venlalic,venlafaxine,0,0,0,,,,,,
viepax,venlafaxine,0,0,0,,,,,,
vencarm,venlafaxine,0,0,0,,,,,,
venzip,venlafaxine,0,0,0,,,,,,
vensir,venlafaxine,0,0,0,,,,,,
venaxx,venlafaxine,0,0,0,,,,,,
venlasov,venlafaxine,0,0,0,,,,,,
politid,venlafaxine,0,0,0,,,,,,
efexor,venlafaxine,0,0,0,,,,,,
alventa,venlafaxine,0,0,0,,,,,,
venlablue,venlafaxine,0,0,0,,,,,,
majoven,venlafaxine,0,0,0,,,,,,
venladex,venlafaxine,0,0,0,,,,,,
sunveniz,venlafaxine,0,0,0,,,,,,
venlafaxin,venlafaxine,0,0,0,,,,,,
venlalic,venlafaxine,0,0,0,,,,,,
sunveniz,venlafaxine,0,0,0,,,,,,
venladex,venlafaxine,0,0,0,,,,,,
viepax,venlafaxine,0,0,0,,,,,,
majoven,venlafaxine,0,0,0,,,,,,
vencarm,venlafaxine,0,0,0,,,,,,
venlablue,venlafaxine,0,0,0,,,,,,
alventa,venlafaxine,0,0,0,,,,,,
efexor,venlafaxine,0,0,0,,,,,,
politid,venlafaxine,0,0,0,,,,,,
venaxx,venlafaxine,0,0,0,,,,,,
venlasov,venlafaxine,0,0,0,,,,,,
venzip,venlafaxine,0,0,0,,,,,,
vensir,venlafaxine,0,0,0,,,,,,
verapimil,verapamil,0,0,0,,,,,,
half securon,verapamil,0,0,0,,,,,,
vera-til,verapamil,0,0,0,,,,,,
verapress,verapamil,0,0,0,,,,,,
verapamil,verapamil,0,0,0,,,,,,
securon,verapamil,0,0,0,,,,,,
b-covita,vitamin b,0,0,0,,,,,,
cobivit,vitamin b,0,0,0,,,,,,
vitamins capsules,multivitamins,0,0,0,,,,,,
multivitamins,multivitamins,0,0,0,,,,,,
ketovite,multivitamins,0,0,0,,,,,,
forceval,multivitamins,0,0,0,,,,,,
coumadin,warfarin,0,0,0,,,,,,
xylometazolin,xylometazoline,0,2,1,,,,,,
otrivine,xylometazoline,0,2,1,,,,,,
sudafed blocked,xylometazoline,0,2,1,,,,,,
sudafed congestion,xylometazoline,0,2,1,,,,,,
sudafed sinus,xylometazoline,0,2,1,,,,,,
ziprasidone,ziprasidone,0,0,0,,,,,,
zomig,zolmitriptan,0,0,0,,,,,,
zolpidem,zolpidem,0,0,0,,,,,,
zopiclon,zopiclone,0,0,0,,,,,,
zimovane,zopiclone,0,0,0,,,,,,
zotepine,zotepine,0,0,0,,,,,,
ciatyl-z,zuclopenthixol,0,0,0,,,,,,
clopixol,zuclopenthixol,0,0,0,,,,,,
zuclopentixol,zuclopenthixol,0,0,0,,,,,,
accrete,colecalciferol/calcium,1,0,0,,,,,,
adcal-d3,colecalciferol/calcium,1,0,0,,,,,,
a1-cal d3,colecalciferol/calcium,1,0,0,,,,,,
aaceca d3,colecalciferol/calcium,1,0,0,,,,,,
calceos,colecalciferol/calcium,1,0,0,,,,,,
calci-d,colecalciferol/calcium,1,0,0,,,,,,
calcichew-d3,colecalciferol/calcium,1,0,0,,,,,,
calcichew d3,colecalciferol/calcium,1,0,0,,,,,,
evacal d3,colecalciferol/calcium,1,0,0,,,,,,
kalcipos-3,colecalciferol/calcium,1,0,0,,,,,,
natecal d3,colecalciferol/calcium,1,0,0,,,,,,
sunvit-d3,colecalciferol/calcium,1,0,0,,,,,,
theical-d3,colecalciferol/calcium,1,0,0,,,,,,
colekal-d3 dissolve,colecalciferol/calcium,1,0,0,,,,,,
cacit d3,colecalciferol/calcium,1,0,0,,,,,,
calfovit,colecalciferol/calcium,1,0,0,,,,,,
colecalciferol/calcium/risedronate,colecalciferol/calcium/risedronate,1,0,0,,,,,,
actonel combi,colecalciferol/calcium/risedronate,1,0,0,,,,,,
co-trimoxazole,co-trimoxazole,1,0,0,,,,,,
otex,urea hydrogen peroxide,0,2,0,,,,,,
mefloquin,mefloquine,0,0,0,,,,,,
lariam,mefloquine,0,0,0,,,,,,
almotriptan,almotriptan,0,0,0,,,,,,
capecitabin,capecitabine,0,0,0,,,,,,
eslicarbazepin,eslicarbazepine,0,0,0,,,,,,
arupsan,eslicarbazepine,0,0,0,,,,,,
zebinix,eslicarbazepine,0,0,0,,,,,,
naltrexon,naltrexone,0,0,1,,,,,,
adepend,naltrexone,0,0,1,,,,,,
mysimba,naltrexone/bupropion,1,0,0,,,,,,
primaquin,primaquine,0,0,0,,,,,,
zonisamid,zonisamide,0,0,0,,,,,,
zonegran,zonisamide,0,0,0,,,,,,
desizon,zonisamide,0,0,0,,,,,,
secobarbitol,secobarbital,0,0,0,,,,,,
seconal,secobarbital,0,0,0,,,,,,
frisium,clobazam,0,0,0,,,,,,
tapclob,clobazam,0,0,0,,,,,,
perizam,clobazam,0,0,0,,,,,,
zacco,clobazam,0,0,0,,,,,,
bromazepam,bromazepam,0,0,0,,,,,,
lormetazepam,lormetazepam,0,0,0,,,,,,
sonata,zaleplon,0,0,0,,,,,,
ambisome,amphotericin,0,0,0,,,,,,
abelcet,amphotericin,0,0,0,,,,,,
palladone,hydromorphone,0,0,0,,,,,,
hydromorphon,hydromorphone,0,0,0,,,,,,
moclobemid,moclobemide,0,0,0,,,,,,
manerix,moclobemide,0,0,0,,,,,,
palexia,tapentadol,0,0,0,,,,,,
ationdo,tapentadol,0,0,0,,,,,,
tapimio,tapentadol,0,0,0,,,,,,
pentazocin,pentazocine,0,0,0,,,,,,
acetazolamid,acetazolamide,0,0,0,,,,,,
diamox,acetazolamide,0,0,0,,,,,,
methyldopa,methyldopa,0,0,0,,,,,,
dopamin,dopamine,0,0,0,,,,,,
metaraminol,metaraminol,0,0,0,,,,,,
nitroprussiat,nitroprusside,0,0,0,,,,,,
nitroprussid,nitroprusside,0,0,0,,,,,,
cloral betaine,chloral hydrate,0,0,0,,,,,,
thiopental,thiopental,0,0,0,,,,,,
mydrilate,cyclopentolate,0,0,0,,,,,,
cyclopentolat,cyclopentolate,0,0,0,,,,,,
phenylephrin,phenylephrine,0,0,1,,,,,,
mydriasert,phenylephrine/tropicamide,1,0,0,,,,,,
isoprenalin,isoprenaline,0,0,0,,,,,,
isoproterenol,isoprenaline,0,0,0,,,,,,
isuprel,isoprenaline,0,0,0,,,,,,
tropicamid,tropicamide,0,2,1,,,,,,
mydriacyl,tropicamide,0,2,0,,,,,,
mydrane,phenylephrine/tropicamide/lidocaine,1,0,0,,,,,,
antabuse,disulfiram,0,0,0,,,,,,
esperal,disulfiram,0,0,0,,,,,,
anectine,suxamethonium ,0,0,0,,,,,,
succinylcholine,suxamethonium ,0,0,0,,,,,,
incruse,umeclidinium,0,2,0,,,,,,
anoro,umeclidinium/vilanterol,1,2,0,,,,,,
lurasidon,lurasidone,0,0,0,,,,,,
latuda,lurasidone,0,0,0,,,,,,
vipidia,alogliptin,0,0,1,,,,,,
olopatadin,olopatadine,0,2,1,,,,,,
opatanol,olopatadine,0,2,1,,,,,,
epinastin,epinastine,0,2,0,,,,,,
relestat,epinastine,0,2,0,,,,,,
ticlopidin,ticlopidine,0,0,0,,,,,,
onbrez,indacaterol,0,2,1,,,,,,
ultibro,glycopyrronium/indacaterol ,1,2,0,,,,,,
mianserin,mianserin,0,0,0,,,,,,
rupatadin,rupatadine,0,0,0,,,,,,
